=== INTEGRATION — 2026-05-03 23:23:17 ===

=== jeu de s'accrocher à un bras libre pour échapper au chat — C1 ===
## Raisonnement

Ce jeu est une activité dynamique de poursuite où les enfants courent, se déplacent rapidement, changent de direction et doivent ajuster leurs mouvements en fonction de celle des autres joueurs (le chat et la souris). Il s'agit principalement d'une activité physique mettant l'accent sur les déplacements rapides, l'adaptation du corps aux actions d'autrui, et les interactions entre joueurs. L'activité travaille aussi la coordination motrice, la coopération (former des couples, créer une chaîne), et la capacité à s'opposer dans un jeu de poursuite. Aucune dimension EDD n'est présente ici.

Les attendus pertinents relèvent donc exclusivement du domaine **Activité physique** : courir dans un but précis (échapper ou attraper), coordonner et adapter ses déplacements en fonction d'obstacles/personnes mobiles, et se déplacer avec aisance dans un environnement aménagé. La coopération et les rôles différents (chat, souris, joueur du couple) sont également travaillés.

## JSON

=== jeu de s'accrocher à un bras libre pour échapper au chat — C2 ===
## Raisonnement

Ce jeu est essentiellement une activité physique dynamique fondée sur la course, les déplacements rapides et l'esquive. Il travaille principalement les compétences motrices du domaine EPS : courir à différentes intensités, se déplacer rapidement pour fuir ou poursuivre, et s'adapter à un environnement changeant avec d'autres joueurs. Le jeu implique également le respect des règles collectives et la participation à un groupe avec des rôles définis (chat, souris, couples). Aucun contenu lié à l'EDD, aux arts, aux mathématiques ou aux apprentissages académiques n'est travaillé de manière significative.

## JSON

=== jeu de s'accrocher à un bras libre pour échapper au chat — C3 ===
# Raisonnement

Cette activité est un jeu de poursuite dynamique qui mobilise principalement les compétences motrices liées à la course, aux changements de direction et à la capacité à maintenir un effort dans le contexte d'une activité d'affrontement ludique. Elle relève pleinement du domaine de l'EPS, particulièrement de la compétence "Affrontement" où les élèves doivent s'engager dans une activité collective avec des rôles (chat, souris, couple), respecter les autres et maintenir un engagement moteur. Les dimensions sociales du jeu (coopération au sein des couples, respect des règles et des autres joueurs) correspondent aux attendus relatifs aux comportements respectueux et à l'acceptation des règles en contexte d'affrontement.

=== jeu de s'asseoir sur les genoux du voisin en cercle — C1 ===
## RAISONNEMENT

Ce jeu est une activité de contact et de coopération physique qui demande aux enfants de coordonner leurs gestes et mouvements avec ceux des autres dans un contexte de cercle et de confiance mutuelle. Les attendus pertinents concernent principalement la coordination motrice collective, la coopération et l'ajustement des déplacements en lien avec d'autres partenaires. L'activité ne comporte pas de dimension pédagogique relative à la nature, l'environnement ou l'EDD, mais elle mobilise clairement des compétences de motricité et de travail collectif.

Les attendus retenus correspondent aux capacités de coordination avec autrui (rondes, déplacements synchronisés) et de coopération pour atteindre un objectif commun.

=== jeu de s'asseoir sur les genoux du voisin en cercle — C2 ===
## RAISONNEMENT

Cette activité est un jeu de contact physique et collectif qui repose essentiellement sur la confiance mutuelle, le respect d'autrui, la coordination de groupe et l'engagement moteur. Elle ne traite ni d'éducation à l'environnement (EDD), ni de savoirs disciplinaires spécifiques (français, mathématiques, etc.). En revanche, elle travaille clairement deux domaines : l'EPS (engagement moteur, équilibre, coordination en contexte collectif) et l'EMC (respect d'autrui, acceptation des différences, participation au groupe). Les attendus pertinents concernent donc le respect mutuel, l'acceptation du contact physique avec les pairs, et l'implication physique dans une activité collective.

## JSON

=== jeu de s'asseoir sur les genoux du voisin en cercle — C3 ===
## RAISONNEMENT

Cette activité est un jeu de contact physique collectif qui met l'accent sur la confiance mutuelle, la coordination de groupe et le respect de l'autre. Elle ne porte pas sur des contenus disciplinaires spécifiques (mathématiques, sciences, histoire, etc.) ni sur des enjeux environnementaux ou de développement durable. Elle travaille principalement des compétences socio-émotionnelles et motrices : respecter autrui dans un contexte d'interdépendance physique, partager et gérer des sensations de confiance et de vulnérabilité, et accepter le contact avec les autres. Les deux attendus qui correspondent le plus directement sont issus du domaine EMC (respect d'autrui) et de l'EPS (expression/acrobatie en petits groupes avec respect mutuel).

## RÉSULTAT

=== jeu de s'enchevêtrer dans la laine puis se démêler — C1 ===
## RAISONNEMENT

Ce jeu est avant tout une activité physique de coopération et de coordination motrice. Il met en œuvre plusieurs éléments clés : l'enchevêtrement collectif nécessite de coordonner ses gestes avec ceux des autres (521), et le démêlage conjoint relève de la coopération pour atteindre un but commun (522). L'activité implique également des déplacements et ajustements dans l'espace (518). Sur le plan langagier, l'échange et la communication entre enfants sont essentiels pour réussir à se démêler (496). C'est un jeu ludique et corporel qui ne cible pas des attendus EDD spécifiques, ni des apprentissages disciplinaires autres que ceux relevant du domaine moteur et de la communication.

=== jeu de s'enchevêtrer dans la laine puis se démêler — C2 ===
## RAISONNEMENT

Cette activité est un jeu physique et collectif de démêlage basé sur l'enchevêtrement à la laine. Elle travaille principalement des compétences d'EPS (coordination motrice, coopération) et d'EMC (respect d'autrui, participation collective, gestion des émotions lors du contact physique). Les attendus pertinents concernent la coopération dans un affrontement ludique, le respect des règles de sécurité, l'acceptation du contact physique et la participation active à un groupe. Aucun attendu de pédagogie de la nature (EDD) ou disciplinaires spécifiques (français, mathématiques, etc.) ne s'applique directement à ce jeu sans contenu éducatif structuré.

=== jeu de s'enchevêtrer dans la laine puis se démêler — C3 ===
## RAISONNEMENT

Cette activité est un jeu de contact physique et collectif qui crée une situation d'enchevêtrement progressif suivi d'une résolution collaborative. Elle travaille principalement la coopération, l'écoute mutuelle et la gestion collective d'une situation complexe. Sur le plan disciplinaire, elle engage des compétences en EPS (travail collectif, respect des pairs, expression corporelle) et en EMC (respect d'autrui, partage émotionnel, coopération). Cependant, l'activité reste avant tout un jeu ludique de contact sans ancrage fort dans les domaines EDD ou les apprentissages disciplinaires spécifiques listés.

## JSON

=== jeu de s'immobiliser et d'inventer un personnage en posture — C2 ===
## RAISONNEMENT

Cette activité de jeu corporel est centrée sur l'expression corporelle, l'imagination et la communication. Elle demande aux enfants de créer et maintenir une posture, de l'enrichir mentalement (répondre aux trois questions), puis de l'expliquer verbalement aux pairs. Les attendus pertinents sont : ceux relatifs à l'expression artistique en EPS (mobiliser le pouvoir expressif du corps en reproduisant ou présentant une action inventée), ceux concernant la communication orale en français (produire des énoncés clairs, participer à des échanges), et ceux relatifs au respect d'autrui et à la participation collective (respecter autrui, participer à un groupe, écouter autrui).

## JSON

=== jeu de s'immobiliser et d'inventer un personnage en posture — C3 ===
## Raisonnement

Cette activité se concentre sur l'expression corporelle et l'imaginaire : les enfants adoptent des postures statiques et les explorent mentalement pour inventer un personnage et un contexte. Le jeu demande une création artistique corporelle (posture), une verbalisation du choix (expression orale) et une acceptation de se produire devant les autres. Les attendus travaillés relèvent principalement de l'EPS (expression artistique corporelle), du français (langage oral et expression) et de la capacité à exprimer et justifier un choix esthétique.

Les domaines disciplinaires concernés sont : l'EPS (expression artistique avec production de séquences corporelles), le français (expression orale, justification et communication) et les arts plastiques/histoire des arts (création d'une composition corporelle, expression d'un ressenti).

=== jeu de sculpter une pose humaine les yeux fermés — C1 ===
## RAISONNEMENT

Cette activité est centrée sur l'expression corporelle, le toucher et la proprioception. Les enfants sculptent des poses en explorant le corps par le contact tactile sans vision. L'activité mobilise principalement des attendus liés à l'activité physique (coordination, construction de séquences motrices avec d'autres) et à l'expression corporelle (proposition de solutions avec le corps). Elle développe aussi la conscience du corps humain et ses parties, ainsi que la coopération entre les participants. Les domaines EDD ne sont pas directement travaillés ici : il n'y a pas d'enjeu environnemental, alimentaire ou numérique dans cette activité.

## JSON

=== jeu de sculpter une pose humaine les yeux fermés — C2 ===
## RAISONNEMENT

Cette activité est un jeu d'expression corporelle et tactile basé sur la reproduction de postures. Les enfants travaillent principalement l'expression artistique à travers le corps (mobilisation du corps comme medium d'expression), la coopération en groupe (trois rôles interdépendants), et le respect mutuel (acceptation d'être touché, confiance envers le partenaire). L'activité développe aussi la conscience corporelle et spatiale. Les attendus pertinents concernent donc l'expression artistique en EPS, la coopération collective, et le respect d'autrui.

## JSON

=== jeu de sculpter une pose humaine les yeux fermés — C3 ===
## RAISONNEMENT

Cette activité est essentiellement un jeu créatif et sensoriel de sculpture utilisant le corps humain. Elle mobilise principalement des compétences en expression corporelle, en perception tactile et en communication non-verbale. Sur le plan disciplinaire, elle relève clairement de l'EPS (expression artistique avec séquences destinées à être appréciées) et des Arts plastiques (réalisation de productions en mobilisant le corps et les gestes). Sur le plan transversal, elle favorise le respect d'autrui et le partage d'émotions à travers le toucher et la collaboration. Aucun attendu d'EDD (Éducation au Développement Durable) n'est directement travaillé par cette activité, qui ne traite ni d'alimentation, d'eau, de biodiversité, de ressources, ni de climat.

## JSON

=== jeu de se déplacer en file à quatre pattes comme une chenille — C1 ===
## Raisonnement

Cette activité est un jeu de déplacement collectif où les enfants doivent coordonner leurs mouvements en restant connectés les uns aux autres, d'abord à quatre pattes, puis debout en file. L'activité travaille principalement la **coordination des gestes et des déplacements avec d'autres** (attendu 521), la **coopération et l'élaboration de stratégies collectives** (attendu 522), et plus largement la **capacité à se déplacer avec aisance en fonction du groupe** (attendu 519). C'est un jeu de confiance qui favorise aussi l'**expérience du bien-être collectif**, bien que secondairement. Aucun attendu relatif à la biodiversité ou à l'EDD n'est directement travaillé puisqu'il n'y a pas d'observation du vivant ou de réflexion écologique.

=== jeu de se déplacer en file à quatre pattes comme une chenille — C2 ===
## RAISONNEMENT

Cette activité est avant tout un jeu de motricité collective et de confiance basé sur un déplacement coordonné en file. Elle sollicite principalement les capacités motrices (coordination, locomotion à quatre pattes), l'interaction physique avec les pairs et le respect des règles de groupe. Sur le plan disciplinaire, elle relève clairement de l'EPS (déplacement adapté, coordination, rôles collectifs) et de l'EMC (respecter autrui, participation collective). L'aspect nature est minimaliste : aucune observation d'animaux, aucune investigation écologique, aucun lien direct avec la biodiversité ou le développement durable n'est travaillé par cette activité.

## JSON

=== jeu de se déplacer en file à quatre pattes comme une chenille — C3 ===
## RAISONNEMENT

Cette activité est avant tout un jeu moteur et de confiance basé sur le déplacement collectif à quatre pattes. Elle sollicite principalement des compétences en EPS (coordinations motrices, travail en groupe, respect des pairs) et en EMC (confiance mutuelle, respect d'autrui, coopération). L'absence de contenu didactique sur la nature, l'environnement ou la biodiversité exclut les attendus EDD. Les attendus disciplinaires pertinents visent la coordination motrice, l'expression corporelle collective et le respect des partenaires dans une activité de groupe.

## SÉLECTION DES ATTENDUS

=== jeu de se laisser tomber rattrapé par le cercle — C2 ===
## Raisonnement

Le jeu « La bouteille ivre » est une activité de confiance et d'équilibre physique où les enfants se passent un participant qui se laisse tomber en arrière, raide comme une bouteille. C'est essentiellement un jeu coopératif d'EPS impliquant des déplacements contrôlés, une interaction de groupe, du respect mutuel et une acceptation du contact. Les attendus pertinents concernent l'EPS (affrontement/coopération, gestion motrice), l'EMC (respecter autrui, participer au groupe) et potentiellement l'EPS avec environnements variés. Cependant, cette activité très simple et très focalisée sur la confiance physique n'aborde pas directement des savoirs sur l'environnement, la nature ou l'alimentation.

## Réponse

=== jeu de se laisser tomber rattrapé par le cercle — C3 ===
## RAISONNEMENT

Cette activité est un jeu de confiance et de motricité où les participants forment un cercle et se passent une personne qui se laisse tomber en arrière de manière contrôlée. Les apprentissages principaux concernent : (1) la confiance envers autrui et le respect mutuel (EMC), (2) la gestion du mouvement et de l'équilibre en environnement collectif (EPS), et (3) les interactions sociales positives et la responsabilité de chacun envers les autres. L'activité ne mobilise pas d'apprentissages en EDD, sciences disciplinaires ou domaines académiques spécifiques, mais relève clairement des compétences socio-émotionnelles et motrices.

## JSON

=== jeu de se regrouper par couleur de foulard au signal — C1 ===
## Raisonnement

Cette activité est avant tout un **jeu de mouvement et de reconnaissance sensorielle** qui structure l'action autour de la couleur et du regroupement collectif. Elle travaille principalement des attendus en **activité physique** (déplacement, coordination avec d'autres) et en **mathématiques** (reconnaissance et tri par critère : la couleur). La dimension éducative est légère : il n'y a pas d'apprentissage explicite sur l'environnement, la biodiversité ou l'EDD. Les attendus pertinents concernent donc les déplacements variés, la coopération/collaboration dans un cadre ludique, et la classification par attribut (couleur).

## JSON

=== jeu de se regrouper par couleur de foulard au signal — C2 ===
## Raisonnement

Cette activité est un jeu de regroupement simple et ludique centré sur la reconnaissance des couleurs et l'organisation collective. Elle travaille principalement des capacités motrices (se déplacer, se regrouper), de coopération et de respect des règles du jeu. Sur le plan disciplinaire, elle mobilise les attendus en EPS liés aux jeux collectifs (respecter les règles, connaître le but du jeu, se confronter aux autres de manière structurée) et en EMC liés à la participation à un groupe et au respect des règles collectives. Bien qu'elle soit une activité de nature (jeu en extérieur possible), elle ne cible aucun contenu spécifique de biodiversité, d'environnement ou d'EDD.

## JSON

=== jeu de se regrouper par couleur de foulard au signal — C3 ===
# Raisonnement

Cette activité est un jeu coopératif de regroupement basé sur un signal auditif (arrêt de la musique). Elle sollicite principalement des compétences motrices (déplacement dans l'espace), une forme d'organisation collective (se regrouper par critère commun), et le respect de règles de jeu simples. Sur le plan pédagogique, elle travaille surtout des attendus en EPS (déplacement, respect des règles, partage d'espace collectif) et potentiellement un attendu en EMC (accepter les différences et fonctionner ensemble). Les attendus liés à l'environnement, à la biodiversité, à l'eau ou à des domaines disciplinaires complexes ne sont pas pertinents.

=== jeu de se tenir la main pour être protégé — C1 ===
# Raisonnement

Ce jeu dynamique est centré sur la course, le déplacement, l'interaction physique avec les pairs et la compréhension de règles simples. Il mobilise principalement des compétences motrices (courir, se déplacer rapidement, ajuster ses trajectoires) et sociales (coopération, coordination des gestes avec les autres). L'activité travaille aussi des aspects de sécurité et d'interaction responsable. Les attendus disciplinaires en activité physique et en exploration du monde sont les plus pertinents.

# Sélection des attendus

=== jeu de se tenir la main pour être protégé — C2 ===
# RAISONNEMENT

Ce jeu est une activité essentiellement motrice et collective de poursuite-refuge. Il travaille principalement des compétences d'EPS (déplacements dynamiques, respect des règles d'affrontement) et des compétences sociales/civiques (respecter autrui à travers l'acceptation du jeu, la coopération temporaire entre poursuivant et poursuivi, le respect des règles collectives). L'aspect "protection par la main" reflète aussi une forme de solidarité et d'entraide dans le groupe. Aucun attendu spécifiquement lié à l'EDD (environnement, développement durable, biodiversité) n'est travaillé ici puisqu'il ne s'agit pas d'une activité de découverte de la nature ou de sensibilisation environnementale.

=== jeu de se tenir la main pour être protégé — C3 ===
# Raisonnement

Ce jeu est une activité dynamique de course-poursuite centrée sur le contact physique (se tenir la main) comme élément de sécurité et de protection. Il développe principalement des compétences motrices liées à la performance (course, agilité, changement de direction rapide) et à l'expression corporelle en groupe, ainsi que des dimensions socio-émotionnelles : accepter le contact physique, gérer l'entraide, respecter les règles collectives, et maîtriser ses émotions (peur/sécurité). Les attendus disciplinaires en EPS et EMC correspondent le plus directement à cette activité, tandis que les attendus EDD ne sont pas pertinents car le jeu n'aborde aucune question environnementale, climatique, ou de développement durable.

=== jeu de se tenir la main pour être protégé — C4 ===
## RAISONNEMENT

Cette activité est un jeu dynamique de poursuite qui travaille principalement des compétences de socialisation et de coopération. L'action centrale de "se tenir la main pour être protégé" implique une interaction physique positive, la confiance envers les pairs, et une forme de coopération temporaire (protection mutuelle). Cependant, en consultant le référentiel fourni, **aucun attendu scolaire spécifique n'a été fourni** pour le Cycle 4. L'activité ne comportant pas de dimension pédagogique formelle (apprentissage des sciences de la nature, disciplines scolaires, etc.), mais plutôt une visée socio-affective et motrice, il est approprié de retourner une liste vide selon le principe de sélectivité stricte demandé.

## JSON

=== Jeu de situation menaces et protection tortues — C2 ===
# Raisonnement

Cette activité est un **jeu de situation** (ou jeu de rôle) dans lequel les enfants incarnent des tortues marines confrontées à diverses menaces tout au long de leur cycle de vie. L'activité travaille principalement deux dimensions : d'une part, la **sensibilisation aux menaces pesant sur la biodiversité** (filets de pêche, pollution plastique, braconnage, collisions, dégradation des habitats) ; d'autre part, la **prise de conscience que des actions humaines concrètes peuvent protéger les espèces** (zones protégées, filets spécialisés, sensibilisation, gestion des déchets). 

En explorant les menaces et solutions à travers le jeu immersif, l'activité développe chez l'enfant une **sensibilité à son propre comportement** vis-à-vis de la biodiversité, et le pousse à **imaginer ou reconnaître des actions simples** en faveur de la protection. Les "bonnes nouvelles" du jeu montrent des **solutions concrètes et réalistes** (TED, réserves marines, sensibilisation) qui répondent à chaque menace.

=== Jeu de situation menaces et protection tortues — C3 ===
# Raisonnement

Cette activité est un **jeu de situation** dans lequel les enfants incarnent des tortues marines confrontées à des menaces réelles (filets de pêche, plastique, collisions, braconnage, pollution) durant deux phases (à la plage et à la mer). Le jeu alterne menaces et solutions de protection, ce qui en fait un dispositif pédagogique centré sur la **biodiversité, l'identification des enjeux de conservation et l'engagement concret**.

Les attendus pertinents concernent principalement :
- **La préservation de la biodiversité** : identification des enjeux et des menaces pesant sur une espèce protégée (tortue marine)
- **Les actions concrètes de protection** : le jeu aboutit explicitement à proposer un engagement ("Action!")
- **L'appréhension de la biodiversité comme bien commun** : la dimension collective et éthique de la protection
- **La compréhension des écogestes** : le jeu illustre comment les choix humains (plastique, déchets, pêche responsable) impactent les tortues

Les attendus disciplinaires secondaires concernent l'oral (discussion préalable, débriefing) et potentiellement l'EMC (responsabilité, conscience écologique).

=== jeu de surfer sur les partenaires qui roulent — C1 ===
## Raisonnement

Le jeu "Surf" est une activité de contact physique où des enfants allongés sur d'autres enfants qui roulent doivent maintenir l'équilibre et ajuster leurs mouvements. Cette activité mobilise principalement des compétences motrices : coordination du corps, équilibre dynamique, adaptation à un partenaire en mouvement, et coopération entre participants. Les attendus pertinents relèvent donc du domaine de l'activité physique (déplacements, coordination, équilibre, coopération) et très secondairement de l'exploration du monde (sécurité et respect des partenaires).

## Sélection des attendus

=== jeu de surfer sur les partenaires qui roulent — C2 ===
## RAISONNEMENT

Ce jeu de contact physique « Surf » est une activité motrice centrée sur l'équilibre, la coordination et l'interaction corporelle entre partenaires. Les joueurs allongés doivent maintenir leur équilibre tandis que d'autres les font rouler, ce qui mobilise principalement des compétences d'EPS (affrontement/coopération, adaptation à un environnement inhabituel, contrôle moteur). L'activité implique aussi le respect des règles de sécurité et l'engagement collectif avec ses partenaires. Aucune dimension de nature, environnement ou éducation au développement durable n'est travaillée ici.

## SÉLECTION DES ATTENDUS

=== jeu de surfer sur les partenaires qui roulent — C3 ===
## Raisonnement

Ce jeu est une activité motrice de contact et d'équilibre où des enfants roulent au sol pour faire "surfer" d'autres enfants positionnés dessus. Il s'agit essentiellement d'un jeu d'EPS impliquant la coordination, l'équilibre dynamique, l'engagement moteur et l'interaction entre partenaires. L'activité mobilise principalement des compétences en **EPS** (environnements variés, expression corporelle, affrontement/coopération), ainsi que le **respect des pairs** et la **coopération** en tant que valeurs sociales. Bien que l'activité se déroule potentiellement en nature, elle n'a aucune dimension d'éducation à l'environnement ou de développement durable, ni de découverte écologique ou naturaliste.

=== jeu de surfer sur les partenaires qui roulent — C4 ===
# Analyse du jeu "Surfer sur les partenaires qui roulent"

## RAISONNEMENT

Il s'agit d'un jeu de contact physique et de coopération où les participants doivent coordonner leurs mouvements corporels pour équilibrer et surfer sur des partenaires qui roulent. L'activité développe principalement la **conscience du corps dans l'espace**, **l'équilibre dynamique**, **la confiance mutuelle** et **la coopération**. Ces dimensions relèvent de compétences motrices, sociales et citoyennes du Cycle 4, notamment dans le domaine de l'éducation physique et de l'apprentissage de la vie collective.

Cependant, **aucun attendu n'a été fourni dans le référentiel disponible pour le Cycle 4**, ce qui rend impossible l'identification précise d'éléments correspondants. Sans la liste des attendus du Cycle 4, je ne peux pas effectuer de sélection fiable.

## JSON

=== jeu de séduire un voisin par clin d'œil avant d'être retenu — C1 ===
## RAISONNEMENT

Cette activité est un jeu de mouvement et de coordination basé sur des déplacements rapides, des réactions, et des interactions sociales entre enfants. Elle travaille principalement les capacités motrices (se déplacer rapidement, réagir à un signal visuel, enchainer actions et déplacements), ainsi que la coopération et les rôles alternés dans un groupe. Sur le plan langage, le contexte du jeu implique une interaction sociale, même minimaliste. Les attendus EDD ne correspondent pas à cette activité purement motrice et ludique.

## SELECTION DES ATTENDUS

=== jeu de séduire un voisin par clin d'œil avant d'être retenu — C2 ===
## RAISONNEMENT

Cette activité est un jeu de société/mouvement où les enfants se positionnent en cercle et exécutent des rôles définis (séducteur, fuyant, gardien). L'activité mobilise principalement des compétences en EPS (jeux d'affrontement et respect des règles) et en EMC (respect des règles collectives, participation à un groupe, écoute et compréhension des consignes). Les attendus en Questionner le monde / Vivant concernant "les papillons" ne sont travaillés que par le nom poétique du jeu et ne constituent pas le cœur pédagogique : aucune observation, aucune connaissance sur les papillons n'est réellement construite. Les autres domaines (EDD, français, mathématiques, géométrie) ne correspondent pas aux apprentissages réels de cette activité ludique.

## SÉLECTION DES ATTENDUS

Les attendus pertinents concernent :
- **EPS / Affrontement** : le jeu implique un affrontement réglementé (fuir/rattraper), le respect des règles et des rôles
- **EMC / Valeurs de la République & Culture civique** : respect des règles collectives et participation à un groupe structuré

=== jeu de séduire un voisin par clin d'œil avant d'être retenu — C3 ===
## RAISONNEMENT

Cette activité est un jeu de mouvement et d'interaction sociale basé sur des échanges de regards (clinsd'œil) et des déplacements rapides. Elle développe principalement des compétences motrices (réactivité, vitesse) et des capacités sociales (communication non-verbale, jeu collectif, respect des règles). Sur le plan pédagogique, elle travaille essentiellement des attendus en EPS (expression corporelle, affrontement ludique) et en EMC (respect autrui, interaction constructive). Les attendus EDD ou disciplinaires liés à la biodiversité, l'environnement ou les savoirs académiques ne sont pas directement mobilisés par ce jeu.

## RÉSULTAT

=== jeu de tenir ensemble sur un journal qui rétrécit — C1 ===
## Raisonnement

Cette activité est un jeu de coopération dynamique où les enfants doivent se coordonner physiquement pour tenir ensemble sur un espace qui rétrécit progressivement. Les apprentissages principaux concernent : (1) la coordination des gestes et des déplacements avec les autres enfants dans un contexte collectif ; (2) l'ajustement des actions en fonction d'obstacles ou de contraintes spatiales changeantes ; (3) la coopération et l'élaboration de stratégies communes pour atteindre un but partagé. L'activité sollicite clairement des compétences d'activité physique et de travail collectif, sans visée écologique ou environnementale particulière.

## JSON

=== jeu de tenir ensemble sur un journal qui rétrécit — C2 ===
## RAISONNEMENT

Ce jeu est avant tout une activité motrice et collective de contact physique. Les enfants doivent se coordonner, se serrer, accepter le contact corporel et travailler ensemble pour tenir sur un espace rétrécissant. Sur le plan disciplinaire, cela relève principalement de l'EPS (affrontement/coopération et adaptation à des contraintes), et de l'EMC (coopération, respect d'autrui, vie collective). Il n'y a aucune dimension EDD (environnement, biodiversité, ressources) ni de contenu pédagogique nature/écologie à proprement parler, malgré le thème évocateur des pingouins et de la banquise.

## JSON

=== jeu de tenir ensemble sur un journal qui rétrécit — C3 ===
# RAISONNEMENT

Cette activité est avant tout un jeu de mouvement et de coordination collective en groupe. Elle mobilise principalement des compétences liées à l'expression corporelle, à l'équilibre, à la collaboration et à l'acceptation des contraintes spatiales. Sur le plan disciplinaire, elle relève clairement de l'EPS (Expression artistique et Affrontement collectif) et de l'EMC (Respecter autrui, travail collectif). Elle ne comporte aucune dimension environnementale, écologique ou relative aux apprentissages EDD proposés. Les attendus en EDD (biodiversité, eau, ressources, alimentation, etc.) n'ont aucune pertinence pédagogique avec cette activité de jeu coopératif basique.

# ATTENDUS SCOLAIRES TRAVAILLÉS

=== jeu de tenir ensemble sur un journal qui rétrécit — C4 ===
# ANALYSE DE L'ACTIVITÉ "PINGOUINS SUR LA BANQUISE"

## Raisonnement

Cette activité est avant tout un **jeu de contact et de coopération physique**. Elle demande aux participants de :
- Collaborer étroitement pour tenir ensemble dans un espace réduit
- Gérer l'espace et l'équilibre collectif
- Communiquer et s'organiser rapidement pour résoudre un défi commun

Le caractère ludique (musique, narration banquise/pingouins) et l'absence de contenu pédagogique disciplinaire stricto sensu (pas de connaissances naturalistes, pas d'observation scientifique, pas d'apprentissage académique explicite) rendent très difficile l'identification d'attendus scolaires précis du Cycle 4 dans un référentiel type.

Sans accès au **référentiel spécifique des attendus disponibles**, je ne peux pas confirmer si des attendus relatifs aux compétences psychosociales, à la citoyenneté, ou à l'EPS sont proposés.

## JSON

=== Jeu de tri sensoriel d'éléments naturels en boîte — C2 ===
## Raisonnement

Cette activité de tri sensoriel d'éléments naturels travaille principalement la **classification et l'observation des caractéristiques** des éléments naturels. Les enfants manipulent, observent (notamment par le toucher avec les yeux bandés), trient selon des critères qu'ils définissent eux-mêmes, puis regroupent les éléments par écosystème. Ce travail de classification et de mise en relation entre les éléments naturels et leur milieu d'origine correspond directement à la connaissance des caractéristiques du monde vivant et à la compréhension des interactions entre les organismes et leur environnement. L'activité engage aussi une réflexion sur les regroupements possibles, développant ainsi le raisonnement logique.

=== Jeu de tri sensoriel d'éléments naturels en boîte — C3 ===
## RAISONNEMENT

Cette activité propose un jeu de tri sensoriel (yeux bandés) d'éléments naturels. Les enfants les classent d'abord par caractéristiques perceptibles (texture, forme), puis par écosystème d'origine. L'activité travaille principalement la **classification des éléments naturels selon leurs propriétés** et la **compréhension des liens entre éléments et milieux naturels**. En sciences, cela correspond directement à l'analyse des propriétés physiques de la matière (classification par attributs) et à la caractérisation des écosystèmes. Sur le plan sensoriel et exploratoire, l'activité favorise aussi l'observation et la description d'échantillons naturels. Aucun attendu EDD ne s'applique précisément : l'activité ne travaille ni l'alimentation, ni les ressources durables, ni les enjeux environnementaux spécifiques.

=== Jeu de trouver la règle en se passant un ballon — C2 ===
## RAISONNEMENT

Cette activité est un jeu coopératif structuré autour du lancer et de la réception d'un ballon en ronde. L'objectif pédagogique explicite est de « développer la coopération entre élèves ». Les enfants doivent participer à un groupe (ronde), respecter une organisation collective, écouter les autres pour deviner une règle cachée, et communiquer verbalement en nommant un prénom et un objet. Le jeu mobilise principalement des compétences en EPS (affrontement/coopération, lancer-recevoir) et en français (langage oral : écoute, expression).

## JSON

=== Jeu de trouver la règle en se passant un ballon — C3 ===
## RAISONNEMENT

Cette activité est un jeu coopératif d'EPS centré sur la devinette d'une règle cachée par le lancer et la réception d'un ballon. Les apprentissages principaux sont : (1) la **coopération collective** pour résoudre une énigme commune, (2) l'**écoute active et l'observation** pour identifier un pattern, (3) la **communication et l'échange** pour partager et valider une hypothèse. L'activité ne relève pas directement de domaines d'EDD (alimentation, eau, biodiversité, ressources, etc.) mais mobilise fortement des compétences transversales d'EMC et de Français : respecter autrui, participer à des échanges constructifs, justifier un point de vue, écouter et communiquer. Elle développe aussi implicitement une **démarche de raisonnement logique** (reconnaissance de pattern, inférence), rattachée au domaine scientifique et aux mathématiques sous l'angle de la logique.

=== Jeu des ambassadeurs pour identifier les plantes sauvages — C3 ===
## RAISONNEMENT

Le "Jeu des ambassadeurs pour identifier les plantes sauvages" est une activité centrée sur la reconnaissance et l'identification de plantes sauvages comestibles par des approches sensorielles (toucher, odorat, goût) et visuelles. L'activité travaille principalement des compétences en **observation morphologique** des plantes (feuilles, fleurs, tiges, caractéristiques botaniques) et leur **identification**. Elle s'inscrit également dans une démarche de connaissance de la **biodiversité locale** et de sensibilisation aux **plantes comestibles**, avec une possible prolongation culinaire.

En termes d'attendus scolaires pertinents pour le Cycle 3, cette activité correspond essentiellement à des apprentissages en **sciences et technologie** (caractérisation du vivant, biodiversité, classification) plutôt qu'à des attendus d'EDD spécifiques. Aucun attendu EDD ne correspond vraiment : les attendus sur la biodiversité (id=672-673) visent la préservation et les enjeux écologiques, pas l'identification botanique ; les attendus sur l'alimentation (id=677-683) portent sur la consommation responsable et durable, pas sur la reconnaissance de plantes. Les attendus disciplinaires de **Sciences et technologie** sur la **biodiversité et classification** (id=784-785) sont les plus pertinents pour caractériser et classer les organismes vivants.

## JSON

=== Jeu des ambassadeurs pour identifier les plantes sauvages — C4 ===
## RAISONNEMENT

Cette activité est centrée sur l'identification et la reconnaissance de plantes sauvages comestibles par une approche multisensorielle (observation, toucher, odorat, goût). Le dispositif ludique du jeu des ambassadeurs structure l'apprentissage autour de défis progressifs : observation de caractéristiques morphologiques distinctives (forme des feuilles, nervures, tige carrée, disposition opposée, etc.), exploration sensorielle (texture, odeur, saveur), et collecte d'échantillons. 

Le document met l'accent explicitement sur **l'objectif de savoir reconnaître quelques plantes sauvages comestibles** et mobilise des compétences de discrimination (distinguer ortie/lamier, identifier des critères botaniques précis). Cependant, le référentiel fourni est vide : aucun attendu n'est disponible pour le Cycle 4 dans la liste transmise.

## JSON

=== jeu des chaises musicales coopératives personne ne sort — C3 ===
# Raisonnement

Le "Jeu des chaises musicales coopératives" est une activité motrice collective fondée sur l'entraide et la résolution collaborative de problèmes. Elle développe principalement des compétences sociales (respect mutuel, écoute, travail collectif) et des habiletés corporelles dans un contexte de groupe. Bien que l'activité soit physique et ludique, elle ne travaille pas directement les attendus EDD (alimentation, eau, biodiversité, ressources) ni les contenus disciplinaires spécifiques en sciences, histoire-géographie ou français. En revanche, elle répond clairement aux attendus relevant de l'EMC (respecter autrui, partager des émotions, culture civique) et de l'EPS (affrontement coopératif, expression artistique, respect des pairs).

# JSON

=== jeu des chasseurs qui tirent au ballon sur des lapins en rythme — C2 ===
# RAISONNEMENT

Cette activité est un jeu de déplacement et d'expression corporelle qui mobilise principalement des compétences en EPS : les enfants doivent adapter leurs déplacements au rythme musical (en suivant le tempo ou en dribblant), gérer des changements rapides d'état (déplacement libre ↔ immobilisation/poursuite), et développer la coordination motrice (lancer avec précision, maîtriser des déplacements variés et rapides). La dimension "rythme" rejoint également les attendus en éducation musicale. L'activité travaille aussi le respect des règles de jeu et l'engagement dans un affrontement ludique (affrontement collectif sans violence). Aucun attendu en EDD ou en disciplines comme le français, les mathématiques ou questionner le monde ne correspond à cette activité.

=== jeu des chasseurs qui tirent au ballon sur des lapins en rythme — C3 ===
# RAISONNEMENT

Cette activité est fondamentalement un jeu de déplacement, de rythme et d'expression corporelle en milieu scolaire. Elle articule trois axes principaux : (1) la coordination des mouvements au rythme musical, (2) l'agilité corporelle et les déplacements variés, et (3) la précision motrice (lancer de ballon). Sur le plan pédagogique, elle mobilise surtout des compétences motrices et d'expression corporelle relevant de l'EPS, ainsi que certains aspects de la maîtrise du rythme. Bien qu'elle se déroule en nature (cour), elle ne travaille pas d'attendus EDD authentiques (pas de biodiversité réelle, pas de compréhension d'écosystèmes, pas d'enjeux environnementaux ou de développement durable). Les références aux "lapins" et "chasseurs" sont des rôles ludiques métaphoriques, non une étude réelle de la faune.

Les attendus qui correspondent directement sont : les compétences d'EPS sur l'expression artistique (mouvements en rythme, coordination), sur les affrontements (organisation tactique, engagement moteur, respect des pairs), ainsi que l'éducation musicale (mobilisation technique, rythme).

=== jeu des consignes où chaque zone de la salle impose un comportement différent — C2 ===
## RAISONNEMENT

Ce jeu d'expression corporelle basé sur des zones et des comportements impose aux enfants de respecter des consignes différentes selon l'espace occupé. L'activité travaille directement l'adaptation motrice à des environnements/situations variables, la mémorisation et l'enchaînement de séquences motrices, ainsi que le respect des règles et des signaux. Sur le plan disciplinaire, elle mobilise l'expression corporelle, l'écoute attentive du signal, la collaboration en groupe et l'adaptation aux contraintes spatiales. Sur le plan EDD, elle sensibilise indirectement à l'adaptation du comportement selon le contexte environnemental, mais cet angle reste secondaire par rapport aux objectifs moteurs et comportementaux directs.

## ATTENDUS

=== jeu des consignes où chaque zone de la salle impose un comportement différent — C3 ===
## RAISONNEMENT

Cette activité est centrée sur l'expression corporelle, l'adaptabilité comportementale et le respect de contraintes spatiales et contextuelles. Les enfants doivent adopter des comportements différents selon les zones, ce qui mobilise des compétences motrices, expressives et de régulation (accepter les règles, changer rapidement de posture). Sur le plan disciplinaire, elle relève principalement de l'EPS (mouvements, déplacements, expression) et de l'EMC (respecter les consignes, collaborer en groupe, adapter son comportement). L'ancrage culturel (exemple de la Chine) et l'utilisation de musique évocatrice créent un contexte pédagogique riche, mais ne structurent pas des apprentissages en EDD ou en connaissances disciplinaires substantielles (histoire, géographie, sciences). Les attendus retenus correspondent uniquement à ce qui est directement travaillé dans la pratique motrice et la dynamique collective.

=== jeu des lapins qui tirent les carottes sur sol glissant — C1 ===
## RAISONNEMENT

Ce jeu dynamique est avant tout une activité physique intense combinant courses, déplacements rapides et coordination de mouvements dans un environnement spécifique (sol glissant). Les enfants doivent courir, esquiver, ajuster leurs déplacements en fonction d'un "prédateur" (le chat) et adapter leur équilibre à la surface glissante. Le jeu sollicite également la coopération (travail en équipe pour ramener les carottes au terrier) et la prise de décision tactique (où courir, quand se lancer). Les dimensions EDD (alimentation, biodiversité) restent thématiques superficielles et ne sont pas travaillées de manière substantielle dans l'activité.

## ATTENDUS RETENUS

Les attendus pertinents se concentrent sur le domaine de l'activité physique et sur la coopération :

=== jeu des lapins qui tirent les carottes sur sol glissant — C2 ===
## RAISONNEMENT

Cette activité est avant tout un **jeu dynamique de poursuite et d'affrontement** sur un sol glissant. Elle vise à développer des compétences motrices essentielles (courir, adapter ses déplacements à un environnement particulier) et la capacité à participer à un jeu collectif avec règles. L'activité mobilise également l'engagement physique et affectif dans un contexte ludique d'affrontement. Aucun contenu en éducation à l'environnement ou développement durable n'est réellement travaillé ici : le thème des lapins et carottes est uniquement narratif et ne traite pas des écosystèmes, de l'alimentation réelle, ou de la biodiversité. Les attendus pertinents sont donc exclusivement dans le domaine EPS.

## JSON

=== jeu des lapins qui tirent les carottes sur sol glissant — C3 ===
# RAISONNEMENT

L'activité « Lapin-carottes » est un jeu dynamique de poursuite se déroulant sur sol glissant. Elle mobilise principalement des compétences motrices : course, réactivité, adaptation à un environnement instable (sol glissant), coordination entre plusieurs joueurs. C'est essentiellement une activité d'EPS centrée sur la performance motrice, l'adaptation à un environnement varié et les règles de jeu collectif. Les attendus pertinents concernent donc les compétences de déplacement sur sol glissant, la gestion des risques et la compréhension des règles d'un jeu d'affrontement collectif.

# JSON

=== jeu des ombres chinoises avec les mains ou le corps devant un écran — C1 ===
# Raisonnement

Cette activité de jeu d'ombres chinoises est avant tout une activité d'**expression corporelle et artistique**. Elle mobilise principalement :

1. **La création artistique et l'expression** : les enfants créent des formes visuelles, jouent avec la lumière et l'ombre, inventent des dialogues de mains et des scénarios, en synchronisation avec de la musique. Cela correspond directement aux attendus en arts plastiques et expression.

2. **La coordination et la motricité** : les enfants maîtrisent leurs gestes, ajustent leurs mouvements en fonction du climat sonore (musique rapide vs lente), coordonnent leurs actions avec d'autres enfants. Cela relève des attendus en activité physique.

3. **L'échange et la communication** : l'activité inclut une discussion entre spectateurs et acteurs, permettant aux enfants de décrire ce qu'ils ont vu et de comparer avec l'intention. Cela travaille les attendus en langage oral et expression.

Les attendus sur l'environnement, l'EDD, la biodiversité ou les mathématiques ne sont pas pertinents ici, car l'activité ne porte ni sur la nature, ni sur des apprentissages numériques directs.

=== jeu des ombres chinoises avec les mains ou le corps devant un écran — C2 ===
# RAISONNEMENT

Cette activité est centrée sur l'expression corporelle et artistique à travers les ombres chinoises. Elle mobilise principalement des compétences en arts plastiques (création, expression, observation) et en expression corporelle (EPS). L'activité développe la capacité à mobiliser le corps de manière expressive en réponse à des stimuli musicaux, à créer des productions visuelles inventives, et à coopérer dans des projets collectifs. Elle sollicite aussi le langage oral lors des échanges entre spectateurs et acteurs sur les productions observées.

# SÉLECTION DES ATTENDUS

=== jeu des ombres chinoises avec les mains ou le corps devant un écran — C3 ===
# RAISONNEMENT

Cette activité de jeu des ombres chinoises est fondamentalement une activité d'**expression corporelle et artistique** combinée à la **découverte de phénomènes optiques**. Elle mobilise d'abord des compétences en **arts plastiques** (production visuelle, intention créative) et en **EPS/expression artistique** (création de séquences corporelles destinées à être appréciées, travail en petits groupes). Elle implique aussi une compréhension du **phénomène physique de l'ombre** (formation d'ombres par interposition devant une source lumineuse). Enfin, l'activité favorise l'**expression de soi** et l'interaction avec autrui dans un cadre sécurisant, relevant des compétences socio-émotionnelles.

# JSON

=== jeu des postures fantaisistes à reconstituer avec une chaise — C1 ===
## RAISONNEMENT

Cette activité de jeu corporel avec une chaise mobilise principalement des compétences liées à l'expression corporelle, l'observation et la reconstruction de séquences d'actions. L'enfant doit observer une posture finale, émettre des hypothèses sur la succession des mouvements, et reconstruire mentalement l'enchaînement des positionnements. Cela engage directement la coordination des gestes, la capacité à construire et conserver une séquence d'actions, ainsi que l'expression corporelle par des formes non conventionnelles. Les attendus disciplinaires en activité physique et en expression corporelle sont les plus pertinents ici, particulièrement ceux traitant de la coordination, de la construction de séquences et de l'expression par le corps.

## JSON

=== jeu des postures fantaisistes à reconstituer avec une chaise — C2 ===
## Raisonnement

Cette activité est centrée sur l'**expression corporelle, l'observation et la reconstitution de mouvements**. Elle demande aux enfants de mobiliser leur corps de manière créative et inventive avec une chaise, en observant attentivement les postures d'autrui pour en comprendre la genèse. Les attendus pertinents se situent principalement en **EPS (expression artistique)** car l'activité développe le pouvoir expressif du corps et la création d'actions inventées, ainsi qu'en **français (langage oral)** puisque les enfants doivent observer et communiquer leurs hypothèses. Les attendus **EMC** relatifs au respect des règles et au fonctionnement collectif du groupe sont également travaillés. Les enjeux liés aux états de la matière, l'alimentation ou la biodiversité ne sont absolument pas présents ici.

=== jeu des postures fantaisistes à reconstituer avec une chaise — C3 ===
# Raisonnement

Ce jeu travaille principalement l'expression corporelle et l'équilibre à travers une activité motrice créative. L'enfant doit explorer des postures variées avec une chaise, développer son équilibre et ses appuis, et utiliser un objet de manière non conventionnelle. Sur le plan cognitif, le jeu sollicite l'observation, l'analyse d'une position et la formulation d'hypothèses sur la succession des mouvements. En EPS, cela correspond directement aux attendus d'expression artistique et à l'utilisation d'environnements variés. En termes transversaux, l'activité mobilise l'écoute des pairs et le respect des prestations d'autrui.

=== jeu des siamois reliés par des balles qui dansent ensemble sans les faire tomber — C1 ===
## RAISONNEMENT

Ce jeu de danse coopérative "Les siamois" est centré sur la coordination motrice, la coopération entre partenaires, et l'expression corporelle en rythme musical. L'activité mobilise principalement les attendus liés à l'activité physique (coordination des gestes avec un partenaire, enchainement de mouvements, coopération), à l'expression artistique (mouvement corporel, sensibilité à la musique), et à la confiance/responsabilité envers autrui. Les dimensions d'exploration spatiale et de langage oral (communication sans paroles) sont secondaires. Les attendus EDD ne sont pas pertinents ici car l'activité n'aborde pas des enjeux écologiques, environnementaux ou sanitaires liés à la nature.

=== jeu des siamois reliés par des balles qui dansent ensemble sans les faire tomber — C2 ===
# Raisonnement

Cette activité est avant tout un **jeu de coopération, de contact et de danse** centré sur l'interaction entre deux enfants. Les attendus pertinents concernent principalement les domaines de l'**EPS** (expression artistique, affrontement/coopération) et de l'**EMC** (respect d'autrui, participation collective). L'activité travaille la confiance mutuelle, l'écoute du partenaire, l'adaptation aux propositions d'autrui, et l'expression par le mouvement. Les dimensions EDD sont absentes (pas de biodiversité, ressources, ou développement durable). Les apprentissages disciplinaires visés sont moteurs, sociaux et expressifs, non académiques.

---

=== jeu des siamois reliés par des balles qui dansent ensemble sans les faire tomber — C3 ===
# RAISONNEMENT

Cette activité est avant tout un jeu de coopération, de contact et de confiance basé sur la danse et le mouvement corporel. Elle travaille principalement des compétences motrices et relationnelles : coordination des mouvements, synchronisation entre partenaires, expression corporelle en musique, et gestion de la confiance mutuelle. Sur le plan disciplinaire, elle relève essentiellement de l'EPS (Expression artistique et coopération motrice) et dans une moindre mesure de l'EMC (respect d'autrui, confiance). Les attendus en EDD (alimentation, eau, climat, etc.) ne correspondent pas à cette activité purement motrice et relationnelle.

# RÉSULTAT

=== jeu des trains humains accrocher décrocher — C1 ===
## RAISONNEMENT

Le jeu des trains humains est une activité essentiellement **motrice et collective**. Les enfants courent, se déplacent avec aisance dans un espace ouvert, coordonnent leurs gestes et déplacements avec d'autres enfants (se tenir par la taille, former une chaîne), et coopèrent pour maintenir la formation. L'activité travaille aussi les marqueurs spatiaux (devant, arrière) et la succession d'actions. Les apprentissages EDD (alimentation, biodiversité, eau, etc.) ne sont pas mobilisés ici : c'est un jeu de motricité pure, sans dimension environnementale.

Les attendus pertinents concernent donc l'**activité physique** (coordination, déplacement, coopération) et l'**espace** (repérage spatial). L'activité ne développe aucun contenu EDD.

=== jeu des trains humains accrocher décrocher — C2 ===
## RAISONNEMENT

Le jeu des trains humains est une activité de mouvement et de dynamique collective basée sur la course, l'accrochage/décrochage et la coordination de groupe. C'est un jeu d'affrontement/défi moteur où les enfants courent, se déplacent rapidement, respectent un ordre de rotation et doivent adapter leurs déplacements. Sur le plan social, l'activité exige une participation au groupe, le respect des règles du jeu et la coordination avec les autres. Les attendus EDD ne s'appliquent pas ici : il n'y a aucun lien avec l'alimentation, la biodiversité, l'eau, les déchets ou l'aménagement durable. Les compétences travaillées sont exclusivement motrices et sociales.

## JSON

=== jeu des trains humains accrocher décrocher — C3 ===
## RAISONNEMENT

Le jeu "Locomotives" est une activité dynamique d'extérieur basée sur la course, la coordination motrice en groupe et l'alternance de rôles. C'est avant tout un jeu de mouvement et d'engagement physique. En analysant les attendus disponibles, très peu correspondent directement à cette activité simple et ludique : elle ne travaille pas d'apprentissages disciplinaires spécifiques (français, mathématiques, sciences) ni d'enjeux d'EDD (alimentation, eau, biodiversité, ressources). Elle relève de la dimension motrice et sociale/citoyenne basique (respect des règles, participation collective), ce qui peut se rattacher modestement à l'EPS et à l'EMC, mais les attendus proposés en EPS demandent une expertise technique (acrobatie, performance mesurée, environnements inhabituels) ou en EMC une réflexion citoyenne que ce simple jeu de course n'activerait pas vraiment.

## JSON

=== jeu des trains humains accrocher décrocher — C4 ===
## RAISONNEMENT

Le jeu des trains humains "accrocher-décrocher" est une activité de jeu dynamique focalisée sur l'action physique, le déplacement rapide et la coordination de groupe. Il développe principalement les capacités motrices (course, équilibre en chaîne) et les compétences sociales (coopération dans la chaîne, respect des règles simples du jeu). Cependant, aucun attendu du Cycle 4 fourni ne correspond précisément à cette activité : il n'y a pas d'apprentissages disciplinaires identifiables (français, maths, sciences, histoire-géo, EPS structurée, etc.). C'est un jeu de détente et d'énergie sans dimension pédagogique explicite alignée avec les référentiels scolaires du Cycle 4.

=== jeu des voitures aveugles guidées par un conducteur par signaux tactiles — C1 ===
# Raisonnement

Cette activité est avant tout un exercice d'**expression corporelle et de motricité** centré sur le déplacement guidé, la confiance et la communication non-verbale par signaux tactiles. Les enfants travaillent principalement : (1) le déplacement avec aisance dans un espace tout en suivant des consignes tactiles, (2) la coopération et la coordination des gestes avec un partenaire, (3) l'orientation spatiale (droite, gauche, avant, arrêt) via des marqueurs spatiaux. C'est un jeu de rôle où l'enfant "voiture" doit se repérer malgré la privation sensorielle, et le "conducteur" doit transmettre des informations précises par le toucher. Les attendus qui correspondent vraiment sont ceux liés à l'**activité physique** (déplacement, coordination avec autrui, respect des consignes de sécurité), à l'**espace** (utilisation de marqueurs spatiaux, orientation) et potentiellement aux **interactions** (coopération).

# JSON

=== jeu des voitures aveugles guidées par un conducteur par signaux tactiles — C2 ===
# Raisonnement

Ce jeu mobilise principalement des compétences d'expression corporelle, de confiance et de communication non-verbale. L'activité fait travailler le respect et l'écoute d'autrui (relation de confiance entre conducteur et voiture), la capacité à se repérer et se déplacer dans l'espace (notamment avec les yeux fermés et en fonction de signaux tactiles), et des habiletés motrices liées à l'orientation et à l'adaptation à un environnement contraignant. Elle sollicite aussi la responsabilité et la sécurité du groupe. Les attendus en EPS (expression artistique, environnements variés) et en EMC (respect, participation au groupe) sont les plus pertinents. Les mathématiques (repérage spatial) constituent un support transversal.

=== jeu des voitures aveugles guidées par un conducteur par signaux tactiles — C3 ===
# Raisonnement

Cette activité est principalement un jeu d'expression corporelle et de confiance basé sur le guidage tactile entre deux partenaires. Les enfants développent des compétences liées au mouvement dans l'espace, à la communication non-verbale et à la confiance interpersonnelle. Sur le plan moteur, ils exécutent des déplacements, des changements de direction et doivent respecter des consignes de sécurité. Sur le plan socioemotionnel, ils travaillent l'acceptation de l'autre et la confiance mutuelle. Cependant, cette activité ne correspond pas directement aux attendus EDD proposés (alimentation, eau, aménagement, biodiversité, ressources naturelles, numérique) ni à la plupart des attendus disciplinaires détaillés. Elle s'inscrit davantage dans le domaine de l'expression corporelle et du développement social-émotionnel, sans lien explicite avec les contenus du Cycle 3 listés.

=== Jeu discussion pour comprendre les écosystèmes en danger — C2 ===
## RAISONNEMENT

Cette activité est basée sur une discussion guidée autour d'un plateau numérique montrant une mare et ses écosystèmes qui se dégradent progressivement. Les enfants identifient les habitats, les chaînes alimentaires, puis découvrent quatre menaces majeures : la pollution, la destruction des habitats, le prélèvement d'espèces protégées et l'introduction d'espèces exotiques envahissantes. L'objectif est de comprendre l'équilibre des écosystèmes et l'impact des activités humaines sur la biodiversité.

Les attendus pertinents concernent principalement : (1) la compréhension des interactions entre êtres vivants et leur équilibre au sein d'un écosystème ; (2) la sensibilité aux menaces pesant sur la biodiversité et les incidences du comportement humain ; (3) les compétences de dialogue et d'expression orale pour discuter et argumenter sur ces thèmes.

=== Jeu discussion pour comprendre les écosystèmes en danger — C3 ===
## RAISONNEMENT

Cette activité est un jeu de discussion basé sur la projection d'un plateau numérique montrant l'évolution d'une mare soumise à diverses menaces. L'objectif explicite est de comprendre les écosystèmes à l'équilibre, les menaces qui les pèsent (pollution, urbanisation, destruction d'habitats, espèces exotiques envahissantes) et l'impact des actions humaines. Le format discussion-débat permet aux élèves de commenter, analyser les interactions écologiques (chaînes alimentaires, rôles des espèces) et réfléchir aux enjeux de préservation. Les attendus pertinents relèvent principalement de la **biodiversité/écosystèmes** (description des écosystèmes, menaces, enjeux de préservation) et de compétences transversales en EMC (débat, esprit critique, réflexion sur les valeurs et responsabilités face à la nature).

=== jeu du ballon lune rattrapé par le ballon soleil en cercle — C1 ===
# Raisonnement

Ce jeu est une activité motrice collective en cercle basée sur le passage et la transmission de ballons. Les attendus directement travaillés concernent principalement les compétences en **activité physique** : coordination des gestes et déplacements avec les autres (passage du ballon en rythme dans le cercle), coopération (participer ensemble à une action collective), et enchainement d'actions simples (recevoir, passer, regarder la trajectoire). Le jeu mobilise aussi des compétences de **langage oral** minimales (compréhension des consignes, échanges simples pendant le jeu). Les attendus liés à l'environnement, la biodiversité ou d'autres domaines spécialisés ne correspondent pas à cette activité essentiellement motrice et ludique.

=== jeu du ballon lune rattrapé par le ballon soleil en cercle — C2 ===
## RAISONNEMENT

Cette activité est un jeu de poursuite en cercle avec deux ballons de tailles différentes. Elle mobilise essentiellement des compétences motrices (passer, attraper, se concentrer) et des apprentissages sociaux (respecter les règles, participer collectivement, accepter un rôle). 

Bien qu'elle se déroule en contexte nature (peut être pratiquée en extérieur), elle ne travaille aucun contenu spécifique en EDD (pas d'enjeu environnemental, pas d'écosystème, pas de biodiversité abordée). En disciplinaire, elle correspond directement aux attendus d'EPS en jeu collectif/affrontement et partiellement aux attendus d'EMC relatifs au respect des règles et à la participation de groupe.

## SÉLECTION DES ATTENDUS

=== jeu du ballon lune rattrapé par le ballon soleil en cercle — C3 ===
## Raisonnement

Ce jeu est une activité motrice très simple et ciblée : il s'agit d'un jeu de poursuite en cercle avec deux ballons de tailles différentes. Les enfants se passent les ballons de main en main, sans enjeu pédagogique lié à l'éducation à l'environnement ou à des contenus disciplinaires complexes. L'activité travaille principalement la coordination, l'attention et la participation collective dans un contexte de jeu ludique. Aucun attendu EDD ne s'applique (pas de contenu environnemental). Parmi les attendus disciplinaires, seul l'attendu EPS id=745 (maintenir un engagement moteur efficace) et l'attendu EMC id=749 (respecter autrui et accepter les différences) pourraient s'appliquer très partiellement, mais le cœur du jeu n'est pas suffisamment centré sur ces attendus pour les retenir avec certitude.

=== jeu du blob contagieux en chaîne humaine — C1 ===
## Raisonnement

Le "jeu du blob contagieux en chaîne humaine" est un jeu dynamique de poursuite où les enfants se déplacent, courent, esquivent et se coordonnent progressivement en groupe. L'activité sollicite principalement des compétences physiques (courir, se déplacer avec aisance, coordonner ses gestes avec d'autres) et des compétences sociales/collaboratives (coopérer, s'adapter à des partenaires). C'est un jeu de mouvements et d'interactions corporelles sans dimension écologique ou naturaliste particulière. Les attendus pertinents concernent donc essentiellement l'activité physique et l'engagement collectif.

## Sélection

=== jeu du blob contagieux en chaîne humaine — C2 ===
# Raisonnement

Le "jeu du blob contagieux en chaîne humaine" est un jeu de mouvement et d'affrontement collectif où les enfants courent, se poursuivent et forment progressivement des chaînes humaines. L'activité travaille principalement les compétences motrices (course, agilité) et la capacité à participer à un jeu collectif en respectant des règles simples. Elle mobilise aussi la collaboration progressive et le respect des règles du jeu. Aucun contenu spécifique lié à l'EDD, la nature, la biodiversité, ou des apprentissages disciplinaires académiques majeurs n'est directement visé par ce jeu d'affrontement physique.

# Sélection des attendus

=== jeu du blob contagieux en chaîne humaine — C3 ===
# Raisonnement

Le jeu du blob contagieux en chaîne humaine est une activité ludique et motrice fondamentalement centrée sur :
- L'action physique dynamique (courir, fuir, se déplacer)
- L'interaction collective et l'entraide (formation progressive de chaînes humaines)
- Le respect des règles simples de jeu
- L'engagement moteur soutenu dans un environnement extérieur

Sur le plan pédagogique, ce jeu travaille essentiellement des compétences motrices et sociales transversales. Les attendus disciplinaires EPS qui correspondent précisément sont ceux relatifs à l'affrontement ludique (organisations tactiques simples, maintien de l'engagement moteur) et à l'acceptation collective des règles de jeu. Les attendus EMC pertinents concernent le respect d'autrui et des règles communes. Aucun attendu EDD n'est directement travaillé par cette activité purement ludique.

=== jeu du cambrioleur qui se faufile dans une maison formée par des corps — C1 ===
# Raisonnement

Le jeu du cambrioleur est une activité d'expression corporelle centrée sur les déplacements, l'équilibre, la souplesse et la coopération entre enfants. L'enfant qui joue le cambrioleur doit se déplacer avec aisance dans un espace contraint (formé par les corps d'autres enfants), en ajustant ses actions et mouvements. Les enfants qui forment la « maison » développent la coordination, l'équilibre et l'interaction avec les autres. Cela correspond directement aux attendus disciplinaires en activité physique et en exploration du monde liés aux déplacements, à l'ajustement moteur, à la coopération et à l'équilibre.

=== jeu du cambrioleur qui se faufile dans une maison formée par des corps — C2 ===
## RAISONNEMENT

Cette activité est avant tout un jeu d'expression corporelle centré sur la motricité : souplesse, équilibre, coordination, déplacements adaptés et coopération. Les enfants mobilisent leur corps pour créer des formes, explorer des déplacements en reptation, négocier des espaces. L'activité ne comporte aucune dimension environnementale, écologique, alimentaire ou civique. Elle ne traite pas de vivant, de biodiversité, de ressources naturelles, d'eau, ou de développement durable. Sur le plan disciplinaire, elle relève exclusivement de l'EPS (performance motrice, environnements variés, expression artistique corporelle) et secondairement de l'EMC (coopération, respect des règles). Aucun attendu EDD ne s'y applique vraiment.

## JSON

=== jeu du cambrioleur qui se faufile dans une maison formée par des corps — C3 ===
## RAISONNEMENT

Cette activité est avant tout un jeu d'expression corporelle et d'EPS axé sur la mobilité, l'équilibre, la souplesse et la coopération. Elle mobilise clairement des compétences motrices (déplacements variés, équilibres, coordinations) et des apprentissages d'EPS liés aux environnements inhabituels et à l'expression artistique. Sur le plan disciplinaire, elle développe aussi la conscience du corps et l'interaction avec d'autres. Les attendus en EDD (éducation au développement durable) ne sont pas pertinents : il n'y a aucune dimension environnementale, alimentaire, climatique ou de gestion des ressources. Sur le plan de la pédagogie générale, seuls les attendus d'EPS relatifs aux environnements variés et à l'expression artistique correspondent directement à ce que l'activité travaille concrètement.

## JSON

=== jeu du chat avec la main posée sur la blessure — C1 ===
## RAISONNEMENT

Le "jeu du chat avec la main posée sur la blessure" est une variante dynamique du jeu de chat-souris qui se joue en extérieur. L'activité engage principalement les enfants dans des actions motrices complexes : courir, sauter, se déplacer avec agilité en adaptant leur corps à des contraintes croissantes (une main puis deux mains immobilisées). Elle fait aussi appel à la coordination gestuelle, à l'adaptation des déplacements face à des obstacles corporels, et à la coopération dans le contexte d'un jeu de groupe. L'aspect "blessure" et "immobilisation progressive" introduit une dimension ludique de gestion des difficultés physiques, sans connotation pédagogique de santé explicite.

Les attendus disciplinaires en "Activité physique" sont les plus pertinents : courir/se déplacer de façons variées (id=517), ajuster les déplacements en fonction de contraintes (id=518), se déplacer avec aisance en environnement naturel (id=519), et coopérer/s'opposer dans un jeu collectif (id=522).

## RÉSULTAT

=== jeu du chat avec la main posée sur la blessure — C2 ===
## RAISONNEMENT

Cette activité est un jeu dynamique de poursuite (variante du chat) centré sur l'action motrice et le plaisir du jeu collectif en extérieur. Elle travaille principalement des compétences d'EPS liées à l'affrontement ludique (courir, poursuivre, respecter des règles), ainsi que des compétences sociales d'EMC (respecter les règles du jeu collectif, participer à un groupe). L'activité n'aborde pas d'enjeux de biodiversité, d'alimentation, de développement durable, ni d'apprentissages disciplinaires spécifiques en français, mathématiques ou autres domaines.

## JSON

=== jeu du chat avec la main posée sur la blessure — C3 ===
## RAISONNEMENT

Ce jeu est une variante dynamique du chat-souris, axée sur l'activité motrice et le déplacement en milieu naturel avec des contraintes progressives. Il développe principalement des compétences en EPS (motricité, affrontement, adaptation aux défis) et sollicite aussi l'acceptation des règles et la participation collective. Cependant, aucune dimension pédagogique en éducation à l'environnement (EDD) n'est explicitement travaillée : il n'y a pas d'apprentissage sur la nature, la biodiversité, les ressources, l'eau, l'alimentation ou l'aménagement durable. Les attendus pertinents relèvent donc uniquement du domaine disciplinaire EPS (affrontement, gestion émotionnelle, respect des règles).

## SÉLECTION DES ATTENDUS

Les attendus qui correspondent vraiment à cette activité sont :
- **EPS / Affrontement** : organisation tactique, engagement moteur, respect des partenaires, gestion des rôles sociaux, acceptation du résultat
- **EMC / Respecter autrui** : accepter les différences et respecter les règles dans un cadre collectif

=== jeu du chat souris par deux avec excuses — C1 ===
## RAISONNEMENT

Le « Jeu du chat souris par deux avec excuses » est un jeu de poursuite dynamique qui combine mouvement physique, interaction sociale et gestion des conflits. Les attendus pertinents concernent principalement les capacités motrices (courir, se déplacer), la coopération et l'interaction entre enfants, ainsi que la conscience des autres dans un espace partagé. Le rituel des excuses travaille la relation aux autres et l'adoption de comportements responsables. Les apprentissages mathématiques (compter jusqu'à 5) et les compétences linguistiques (langage de politesse) sont secondaires mais présents.

## ATTENDUS SÉLECTIONNÉS

=== jeu du chat souris par deux avec excuses — C2 ===
## Raisonnement

Le "Jeu du chat souris par deux avec excuses" est avant tout une activité motrice et ludique centrée sur l'affrontement physique dans un espace restreint. L'élément pédagogique clé réside dans la gestion du contact physique involontaire et la résolution de conflit par l'excuse et le dialogue. En termes d'apprentissages scolaires, cette activité travaille principalement :

1. **Les compétences d'affrontement en EPS** : le jeu mobilise la course, l'échange de rôles (chat/souris) et le respect des règles d'un jeu compétitif simple.
2. **Les compétences socio-émotionnelles en EMC** : l'échange d'excuses et le respect d'autrui malgré les contacts involontaires constituent l'élément central de socialisation et de respectabilité.
3. **La capacité à écouter et participer à un groupe** : le contexte collectif renforce l'intégration au groupe et le partage de responsabilité émotionnelle.

=== jeu du chat souris par deux avec excuses — C3 ===
## RAISONNEMENT

Le "Jeu du chat souris par deux avec excuses" est une activité physique et ludique qui fonctionne principalement sur deux axes : (1) l'effort moteur et la performance athlétique avec course et esquive en petit espace, et (2) le développement des compétences socio-émotionnelles et civiques à travers le rituel des excuses et la résolution des conflits mineurs. L'activité mobilise directement les attendus en EPS (affrontement/jeu de poursuite) et en EMC (respect d'autrui, gestion des émotions, régulation sociale). Les attendus liés à l'environnement, la biodiversité, l'eau ou le numérique ne sont pas du tout travaillés ici.

## JSON

=== jeu du chiffre crié pour former des groupes — C1 ===
## RAISONNEMENT

Cette activité est un jeu de mouvement et de regroupement fondé sur l'écoute, la compréhension d'un chiffre crié, et la formation rapide de groupes. Elle travaille principalement des compétences de coordination motrice (se déplacer au rythme de la musique), de traitement rapide d'une consigne orale (comprendre le chiffre), et de coopération sociale (former des groupes). Sur le plan mathématique, elle sollicite la reconnaissance et l'utilisation du nombre pour organiser une action collective. Les attendus pertinents concernent donc les déplacements coordonnés, la compréhension orale, et l'utilisation du nombre dans une situation de jeu organisé.

## ATTENDUS IDENTIFIÉS

=== jeu du chiffre crié pour former des groupes — C2 ===
# Raisonnement

Le « jeu du chiffre crié » est un jeu dynamique de regroupement ayant pour fonction principale de créer des groupes rapidement via une consigne motrice simple. L'activité travaille essentiellement des compétences de vie collective et de motricité : les enfants doivent écouter une consigne, se coordonner avec leurs pairs pour former un collectif de taille exacte, et respecter les règles du jeu. Sur le plan disciplinaire, cela relève principalement de l'EPS (affrontement/jeu collectif) et de l'EMC (respect des règles, participation à un groupe). L'activité n'a aucun ancrage pédagogique spécifique en environnement, biodiversité, alimentation ou gestion des ressources.

# JSON

=== jeu du chiffre crié pour former des groupes — C3 ===
## Raisonnement

Cette activité est un **jeu de regroupement dynamique** basé sur l'arrêt de musique et la formation de groupes. Elle développe principalement des compétences **motrices, sociales et de communication** : les enfants se déplacent, écoutent, réagissent rapidement et collaborent pour former des groupes. Sur le plan pédagogique, cela relève surtout d'apprentissages **disciplinaires transversaux** (EPS, EMC) plutôt que d'enjeux de développement durable ou d'éducation à l'environnement. Aucun attendu EDD ne correspond vraiment à cette activité basique de structuration collective. Les attendus disciplinaires pertinents concernent le respect d'autrui, la participation à des activités collectives et l'expression motrice.

=== jeu du groupe attaché à la corde qui se déplace — C1 ===
## Raisonnement

Le jeu "L'amibe" est une activité de déplacement collectif où les participants sont liés ensemble par une corde et doivent se mouvoir en groupe dans un espace donné, avec possibilité d'obstacles. Cette activité mobilise principalement des compétences motrices (coordination collective, déplacement adapté à des contraintes) et des compétences sociales (coopération, coordination avec les autres). Les attendus pertinents concernent donc les activités physiques (déplacement, coopération) et l'exploration du monde (spatial et sécurité).

## Attendus travaillés

=== jeu du groupe attaché à la corde qui se déplace — C2 ===
## RAISONNEMENT

Le "jeu du groupe attaché à la corde" (L'amibe) est une activité motrice et ludique centrée sur la coopération physique et la coordination collective. L'essentiel du jeu consiste à se déplacer ensemble en groupe, attachés par une corde, en gérant les obstacles et les changements de direction. C'est un jeu d'affrontement/coopération au sens de l'EPS (classe "Affrontement" incluant les jeux collectifs), qui développe principalement l'engagement moteur collectif, le respect des règles, la coordination et la prise de conscience de ses partenaires. Sur le plan transversal, cela relève aussi de l'EMC (respecter autrui, participer à un groupe) et potentiellement de l'EPS en environnements variés si des obstacles sont intégrés. Aucune dimension EDD ou discipline académique n'est travaillée de façon substantielle.

## SÉLECTION DES ATTENDUS

=== jeu du groupe attaché à la corde qui se déplace — C3 ===
## RAISONNEMENT

Le jeu "L'amibe" est une activité ludique de déplacement collectif où un groupe attaché ensemble doit se coordonner pour avancer. C'est essentiellement un jeu moteur et collectif focalisé sur la coopération physique, l'adaptation à un environnement variable et le déplacement en groupe. 

Sur le plan pédagogique, cette activité mobilise principalement des compétences en **éducation physique et sportive** (coordination collective, respect des pairs dans un contexte d'affrontement moteur collaboratif) et des compétences **socio-émotionnelles et civiques** (coopération, respect d'autrui, partage d'expérience collective). Elle ne présente pas de contenus directs en EDD, sciences, français ou disciplines académiques classiques - c'est un jeu de mouvement pur.

## JSON

=== jeu du magnétiseur qui guide le visage de son partenaire avec la main — C1 ===
## RAISONNEMENT

Le jeu du magnétiseur est avant tout une activité d'expression corporelle et de motricité qui travaille la coordination des mouvements, la relation de confiance entre partenaires, et la conscientisation du corps dans l'espace. Les enfants sont engagés dans un déplacement guidé où ils doivent suivre un mouvement avec leur visage et corps, sollicitant une coordination oculo-motrice fine et une écoute/adaptation constante à un partenaire. Les attendus pertinents concernent principalement l'activité physique (coordination, déplacement, coopération), et secondairement l'exploration de l'espace et la sensibilisation du corps.

## JSON

=== jeu du magnétiseur qui guide le visage de son partenaire avec la main — C2 ===
## RAISONNEMENT

Le jeu du magnétiseur est une activité centrée sur l'expression corporelle, la confiance mutuelle et le guidage. Elle sollicite principalement des compétences motrices de coordination et d'adaptation spatiale (suivre des mouvements fluides, maintenir une distance constante, explorer l'espace). Elle développe aussi des dimensions relationnelles fortes : accepter de suivre un partenaire, lui faire confiance, prendre des responsabilités (le conducteur veille à la sécurité et au bien-être du suiveur). Ces éléments correspondent directement aux attendus d'EPS en expression artistique et affrontement/confiance, ainsi qu'à des attendus d'EMC relatifs au respect d'autrui et à la collaboration.

## JSON

=== jeu du magnétiseur qui guide le visage de son partenaire avec la main — C3 ===
# Raisonnement

Cette activité est avant tout un jeu d'**expression corporelle** basé sur la **confiance, le guidage et la coordination motrice** entre deux partenaires. Elle développe principalement des compétences en **EPS (Education Physique et Sportive)** : suivi de mouvements, contrôle corporel, conscience spatiale et travail en binôme. On retrouve également des dimensions de **respect d'autrui et de confiance interpersonnelle** (EMC) et une **sensibilité à l'expression artistique/corporelle**. Cependant, cette activité très ciblée sur le mouvement guidé et la communication non-verbale ne correspond pas directement aux attendus disponibles, qui portent majoritairement sur l'EDD (environnement, alimentation, eau, ressources), les disciplines académiques, ou l'EPS compétitive/performative. Aucun attendu du référentiel ne couvre spécifiquement le travail de confiance interpersonnelle, de guidage corporel ou d'expression corporelle de ce type.

=== jeu du masque facial pour exprimer des émotions devant un miroir — C1 ===
# Raisonnement

L'activité « Le masque facial » est centrée sur l'expression des émotions par le visage et l'observation de soi-même et d'autrui devant un miroir. Elle travaille principalement la conscience corporelle du visage, l'expression des émotions, et le développement du vocabulaire émotionnel. Pour le Cycle 1, les attendus pertinents concernent essentiellement le langage oral (expression, vocabulaire des émotions) et l'expression corporelle/artistique. L'activité ne traite pas directement de contenu EDD ou de découverte de l'environnement naturel, bien qu'elle puisse contribuer au bien-être (lien indirect avec la santé psychomotrice). Les attendus les plus pertinents sont ceux liés à l'expression orale, la description d'images/sensations, et l'expression par le corps.

=== jeu du masque facial pour exprimer des émotions devant un miroir — C2 ===
## RAISONNEMENT

Cette activité est centrée sur l'expression faciale et l'exploration des émotions par le biais de la mimique et de l'observation de soi et d'autrui. Elle travaille principalement deux domaines : d'une part l'expression corporelle et artistique (proche de l'EPS expression artistique), et d'autre part l'identification et le partage des émotions et des sentiments, qui relève directement de l'EMC. Les tâches impliquent aussi une mobilisation du langage oral pour nommer les émotions avec précision, ainsi qu'une observation fine et une capacité à communiquer ses impressions. Aucun lien direct avec les EDD (alimentation, biodiversité, eau, ressources) n'existe ici.

## JSON

=== jeu du masque facial pour exprimer des émotions devant un miroir — C3 ===
## RAISONNEMENT

Cette activité est centrée sur l'expression faciale des émotions et sentiments devant un miroir. Elle travaille principalement la capacité à reconnaître, exprimer et partager les émotions à travers le langage non-verbal et l'expression corporelle du visage. Deux attendus disciplinaires correspondent directement : l'un en EMC sur le partage et la régulation des émotions (id=750), et l'un en EPS/Expression artistique sur la réalisation de séquences destinées à émouvoir (id=741). Aucun attendu EDD ne s'applique réellement, car l'activité ne traite pas de thématiques environnementales, de développement durable, ou d'éducation à la nature.

=== jeu du metteur en scène qui dirige un acteur pour jouer un scénario — C2 ===
## RAISONNEMENT

Le jeu du metteur en scène est une activité d'expression corporelle et de coopération centrée sur la direction d'acteur et l'improvisation. Les enfants travaillent la communication, la confiance mutuelle, et l'expression par le corps. L'activité mobilise principalement des compétences d'EPS (expression artistique par le corps), de français (langage oral, communication), et d'EMC (coopération, respect d'autrui). Elle ne vise pas directement des contenus de nature, d'environnement ou de développement durable, mais plutôt des savoir-être et des compétences transversales liées au jeu dramatique et à la psychomotricité.

Les attendus les plus pertinents concernent : la mobilisation du pouvoir expressif du corps (EPS), la capacité à produire des énoncés clairs et à communiquer (français oral), et la participation coopérative dans un groupe (EMC).

## JSON

=== jeu du metteur en scène qui dirige un acteur pour jouer un scénario — C3 ===
## RAISONNEMENT

Cette activité est un jeu d'expression corporelle et de théâtre fondé sur la direction d'acteur et la coopération entre deux enfants. Elle travaille principalement des compétences en communication non-verbale, en directions d'instructions précises et en expression corporelle dans un contexte scénarisé. Parmi les attendus disponibles, seuls ceux relevant explicitement de l'expression artistique (EPS), du langage oral (Français) et du respect/coopération (EMC) s'appliquent directement. Les attendus EDD sur la nature, l'environnement ou les ressources naturelles ne correspondent pas au contenu de cette activité purement ludique et théâtrale.

## JSON

=== jeu du papillon avec les mains qui volent autour d un arbre vivant — C1 ===
## RAISONNEMENT

Cette activité est essentiellement un jeu d'expression corporelle et de mobilité segmentaire. Elle travaille principalement des attendus liés à l'activité physique (déplacements variés, coordination des gestes, coopération) et à l'exploration de l'espace (notions spatiales, repérage par rapport à des objets repères). L'arbre vivant crée un contexte naturel, mais l'activité ne mobilise pas vraiment d'apprentissages sur la biodiversité ou les écosystèmes : c'est un prétexte moteur, pas une observation ou étude du vivant. La composante musique et expression corporelle est aussi présente. Les attendus retenus correspondent uniquement à ce qui est concrètement travaillé : motricité, espace, coordination, coopération.

## JSON

=== jeu du papillon avec les mains qui volent autour d un arbre vivant — C2 ===
# RAISONNEMENT

L'activité « Le papillon » est essentiellement un jeu d'expression corporelle et de mobilité segmentaire centré sur le mouvement des bras/mains autour d'un arbre vivant (représenté par un enfant). Elle travaille principalement des compétences motrices (coordination, équilibre, déplacement dans l'espace) et des capacités d'expression/création corporelle. Sur le plan disciplinaire, elle correspond clairement aux attendus d'EPS (expression artistique, mouvements coordonnés, respect de l'espace) et potentiellement à l'éducation musicale (rapport au rythme musical). Aucun contenu relatif à la biodiversité, l'écosystème, l'alimentation, ou la préservation de l'environnement n'est explicitement travaillé dans cette activité : il s'agit d'un jeu symbolique/dramaturgique pur, non d'une activité d'éducation à l'environnement. Bien que le contexte invoque un « arbre vivant », ce dernier est uniquement un support spatial pour le jeu moteur, sans apprentissage écologique.

# JSON

=== jeu du parachute courir en rond à une main — C1 ===
## Raisonnement

L'activité "Course à une main (parachute)" est un jeu de motricité collective centré sur la course en cercle avec maintien d'un objet. Les apprentissages principaux concernent la coordination motrice, les déplacements dynamiques en groupe, et l'ajustement des gestes en fonction des contraintes (tenir le parachute d'une main, équilibrage). Il n'y a pas de dimension environnementale ou d'EDD apparent. Les attendus pertinents se situent exclusivement dans le domaine de l'activité physique (déplacements, coordination, coopération collective).

=== jeu du parachute courir en rond à une main — C2 ===
## RAISONNEMENT

Cette activité est un jeu moteur simple centré sur la **course collective autour d'un parachute**. Les enfants courent en cercle en tenant le parachute d'une main alternativement, ce qui mobilise principalement des compétences d'**EPS (motricité, coordination, équilibre)** et de **vie collective (respect des règles, participation de groupe)**. L'activité ne traite pas d'enjeux d'éducation au développement durable (aucune dimension environnementale ou de biodiversité), ni de disciplines académiques comme le français ou les mathématiques. Elle se concentre sur l'engagement physique et le respect des consignes collectives.

---

=== jeu du parachute courir en rond à une main — C3 ===
## RAISONNEMENT

Cette activité est un jeu moteur simple et dynamique basé sur la course circulaire avec un parachute. Elle développe principalement des compétences en éducation physique et sportive : l'équilibre, la coordination motrice, la capacité à maintenir un effort en courant, et l'adaptation à des changements de direction. L'activité implique également des aspects collectifs (participer ensemble, respecter un rythme commun) et peut intégrer l'écoute musicale. Cependant, il n'y a aucune dimension de pédagogie de la nature, d'éducation à l'environnement ou d'enjeux écologiques. Les attendus EDD (Éducation au Développement Durable) ne s'appliquent donc pas ici.

Les attendus pertinents se limitent au domaine de l'EPS, spécifiquement aux compétences liées à la performance motrice et aux capacités physiques sollicitées lors d'une activité de course continue en groupe.

=== jeu du parachute emprisonner l'air et escalader la montagne — C1 ===
## RAISONNEMENT

Cette activité est un jeu moteur avec parachute fondé sur des actions physiques coordonnées : lever les bras ensemble, baisser rapidement, maintenir une forme, et des enfants qui se déplacent/rampent à l'intérieur. Elle travaille principalement la **coordination motrice collective**, l'**ajustement des gestes avec d'autres**, et le **déplacement dans un espace aménagé** (sous le parachute). Il y a aussi une dimension de **jeu coopératif** où les rôles sont complémentaires. Les apprentissages conceptuels (air, pression, montagne) restent très accessoires face aux enjeux moteurs et sociaux directs de l'activité.

## JSON

=== jeu du parachute emprisonner l'air et escalader la montagne — C2 ===
## RAISONNEMENT

Cette activité est un jeu moteur et ludique centré sur la manipulation collective d'un parachute et l'expérience physique de l'air emprisonné. Les enfants travaillent principalement des compétences en EPS (coordination motrice, respect des règles collectives, partage de responsabilité dans un jeu collectif) et découvrent de manière empirique une propriété physique simple de l'air (compression, volume). L'activité ne comporte pas d'enjeux environnementaux ou de biodiversité pertinents, pas de langage oral formalisé au service d'apprentissages disciplinaires, et pas de dimensions artistiques ou mathématiques significatives. Les attendus les plus pertinents concernent donc l'EPS (environnements variés, affrontement ludique, coordination motrice) et très marginalement la compréhension des états de la matière.

## JSON

=== jeu du parachute emprisonner l'air et escalader la montagne — C3 ===
## RAISONNEMENT

Cette activité est essentiellement un jeu moteur et physique qui travaille la coordination collective, l'élan dynamique et le contrôle du mouvement. Le concept d'« emprisonner l'air » introduit une dimension exploratoire autour des propriétés physiques de l'air (volume, pression, invisibilité), mais de façon très implicite et non-directrice. L'escalade de la « montagne d'air » est une action ludique sans visée éducative affichée. Les attendus scolaires pertinents se situent donc principalement en EPS (performance motrice, coordination, environnements variés) et potentiellement en sciences (propriétés de la matière – l'air), mais l'activité n'approfondit aucun de ces domaines de façon substantielle. Aucun attendu d'EDD n'est vraiment travaillé.

=== jeu du parachute faire circuler ou sauter une balle sur la toile — C1 ===
## RAISONNEMENT

Le jeu du parachute avec circulation/saut de balle est une activité de motricité collective qui sollicite principalement des compétences physiques et de coordination. Les enfants doivent synchroniser leurs gestes avec ceux des autres pour maintenir la balle en mouvement ou la faire sauter, ce qui engage directement la coordination gestuelle, l'ajustement des actions et la coopération. Les attendus pertinents concernent donc l'activité physique (coordination, coopération) et secondairement l'exploration de l'espace (situer des objets et des partenaires). Aucun attendu EDD ne s'applique vraiment ici, l'activité étant purement ludique et motrice.

=== jeu du parachute faire circuler ou sauter une balle sur la toile — C2 ===
## Raisonnement

Le jeu du parachute avec balle est une activité motrice collective qui sollicite principalement des compétences en EPS (Education Physique et Sportive). L'activité implique de coordonner les mouvements collectifs pour maintenir un objet en équilibre, de sauter et rattraper, ainsi que de respecter les règles et de coopérer avec les autres participants. Sur le plan transversal, elle développe aussi le respect des autres et la participation à un groupe.

Les attendus disciplinaires d'EPS liés à la performance motrice (courir, sauter, lancer), aux environnements variés et à l'affrontement/coopération collectifs sont les plus pertinents. L'EMC concernant le respect d'autrui et la participation à un groupe sont également mobilisés naturellement par cette activité collective.

## JSON

=== jeu du parachute faire circuler ou sauter une balle sur la toile — C3 ===
# Raisonnement

Le jeu du parachute avec circulation ou saut de balle est une activité motrice collective fondée sur la coordination, l'équilibre dynamique et l'interaction entre participants. Elle développe principalement des compétences d'EPS (motricité, travail collectif, respect des pairs) et des compétences transversales liées au travail en groupe. L'activité ne comporte pas de dimension environnementale, disciplinaire spécifique (sciences, français, histoire, etc.) ou de contenu pédagogique explicite qui correspondrait aux attendus proposés. Elle est essentiellement motrice et sociale.

Les attendus en EPS liés à la « performance » ou aux « affrontements » ne correspondent pas : il n'y a ni course, ni saut en hauteur, ni duel. Les attendus en EMC sur le respect autrui et le travail collectif pourraient être tangentiellement concernés, mais l'activité elle-même ne les cible pas directement comme apprentissage.

# Résultat

=== jeu du parachute faire des vagues ensemble — C1 ===
## Raisonnement

Le jeu du parachute « Faire des vagues ensemble » est une activité motrice collective et ludique où les enfants de 3-6 ans coordonnent leurs mouvements en tenant ensemble le bord d'un parachute. L'activité développe principalement des compétences en **activité physique** (coordination des gestes avec les autres, coopération) et en **langage oral** (communication et expression lors de l'interaction collective). Elle travaille aussi l'**exploration de l'espace** puisque les enfants doivent ajuster leurs mouvements en fonction des autres et de la trajectoire du parachute.

## Sélection des attendus

Les attendus les plus pertinents concernent :
- La **coordination et l'enchainement des actions** avec d'autres partenaires (id=520)
- La **coopération et l'interaction collective** pour viser un effet commun (id=522)
- La **communication orale** basique pour se coordonner ensemble (id=496)

=== jeu du parachute faire des vagues ensemble — C2 ===
## Raisonnement

Le jeu du parachute "Faire des vagues ensemble" est une activité très simple et motrice : les enfants tiennent collectivement un parachute et en font ondoyer les bords. Cette activité se concentre essentiellement sur la **coordination motrice collective**, le **respect des consignes**, la **participation à un groupe** et la **coopération**. Elle ne travaille pas d'apprentissages disciplinaires spécifiques (pas de français, maths, sciences précises), ni d'enjeux d'éducation au développement durable (pas d'alimentation, eau, biodiversité, ressources). Les attendus pertinents relèvent donc uniquement d'EPS (coordination, mouvements, action collective) et d'EMC (participation au groupe, comportement collectif).

=== jeu du parachute faire des vagues ensemble — C3 ===
## RAISONNEMENT

Le jeu du parachute "Faire des vagues ensemble" est une activité motrice et collective très simple : les enfants tiennent un parachute et créent des mouvements ondulatoires en levant et baissant les bras ensemble. Bien qu'elle soit adaptée au Cycle 3, l'activité est avant tout un exercice **moteur et d'expression corporelle collective**, sans contenu écologique, scientifique ou thématique significatif. Elle développe principalement la **coordination motrice**, la **conscience corporelle**, l'**écoute collective** et le **respect des pairs dans un jeu d'équipe**. Les attendus EDD (Éducation au Développement Durable) ne sont pas pertinents ici car l'activité ne traite pas de contenus environnementaux. En matière d'attendus disciplinaires, seule l'EPS (éducation physique) et potentiellement l'EMC (compétences sociales) sont directement mobilisées.

## JSON

=== jeu du parachute gonfler le champignon en avançant — C1 ===
## Raisonnement

Le "jeu du parachute - gonfler le champignon en avançant" est une activité motrice collective basée sur des déplacements coordonnés et progressifs vers le centre. Les enfants doivent courir/avancer ensemble en synchronisant leurs gestes (lever les bras pour gonfler le parachute) tout en coopérant et en suivant des instructions. L'activité privilégie donc les attendus relatifs à l'**activité physique** (déplacements, coordination, coopération) et au **langage** (exécution d'ordres, communication du signal "Champignon"). Les éléments de spatialisation (avancer vers le centre, notion de direction) et de structuration du jeu collectif sont également présents.

## Sélection des attendus

=== jeu du parachute gonfler le champignon en avançant — C2 ===
## Raisonnement

Cette activité est un jeu moteur collectif avec parachute qui se concentre sur l'action physique coordonnée : soulever, avancer, respirer le rythme du groupe. Les apprentissages principaux sont d'ordre moteur (coordination, déplacement, maîtrise du mouvement) et social (coopération, respect du rythme collectif, participation de groupe). L'activité ne travaille pas d'apprentissages disciplinaires académiques ni d'éducation à l'environnement au sens des domaines EDD proposés. Les attendus les plus pertinents relèvent de l'EPS (mobilisation du corps, affrontement/coopération collective) et de l'EMC (participation au groupe, respect des règles).

## Attendus identifiés

=== jeu du parachute gonfler le champignon en avançant — C3 ===
## Raisonnement

Cette activité est un jeu moteur collectif simple qui repose sur un geste élémentaire (soulever les bras, avancer) coordonné en groupe. Elle mobilise principalement des compétences motrices de base (course, coordination, respect des règles simples) et des habiletés sociales (écoute du signal, participation collective, respect du rythme du groupe). Bien qu'elle se déroule en extérieur et implique une interaction avec l'environnement naturel, elle ne travaille pas directement les attendus d'EDD (aucun enjeu environnemental, de biodiversité, de ressources ou de développement durable n'est abordé). Les attendus disciplinaires les plus pertinents relèvent de l'EPS (réalisation de mouvements coordonnés en groupe, respect des règles et des pairs) et légèrement de l'EMC (participation collective, respect d'autrui).

=== jeu du parachute lâcher la toile gonflée comme un fantôme — C1 ===
# Raisonnement

Le jeu du parachute "fantôme flottant" est une activité simple et ludique centrée sur le lâcher-prise d'une toile gonflée. L'activité mobilise principalement des compétences de motricité globale et de coopération : les enfants doivent ensemble gonfler le parachute (action collective) et observer sa trajectoire en le lâchant. Elle permet aussi de développer la capacité à se déplacer ensemble dans un espace extérieur et d'observer un phénomène physique simple (la chute/la dérive). Les attendus disciplinaires relevant de l'activité physique et de la coopération sont les plus pertinents.

# JSON

=== jeu du parachute lâcher la toile gonflée comme un fantôme — C2 ===
## Raisonnement

Le jeu du parachute consiste à gonfler une toile et la lâcher pour observer sa chute progressive. C'est une activité motrice simple et ludique basée sur le jeu libre, sans réelle dimension écologique, scientifique ou pédagogique structurée. Elle mobilise principalement des apprentissages en EPS (coordination motrice, travail collectif) mais reste très basique. Les dimensions d'EDD (sensibilisation à l'environnement, réflexion sur les ressources, biodiversité) ne sont pas présentes. Les attendus relatifs à la langue, aux mathématiques ou aux arts ne sont pas non plus pertinents.

## JSON

=== jeu du parachute lâcher la toile gonflée comme un fantôme — C3 ===
## RAISONNEMENT

Cette activité est un jeu moteur très simple consistant à gonfler un parachute et à le lâcher pour observer sa chute progressive. Elle mobilise principalement des compétences motrices (manipulation collective, coordination) et peut générer des observations sur la physique du mouvement (chute, résistance de l'air). Il ne s'agit pas d'une activité d'EDD structurée, ni d'une activité artistique ou scientifique élaborée. Les attendus pertinents doivent concerner le mouvement, la motricité collective, et éventuellement l'observation élémentaire d'un phénomène physique.

## JSON

=== jeu du parachute mouvement de va-et-vient assis — C1 ===
## RAISONNEMENT

Le jeu du parachute en mouvement de va-et-vient assis est une activité motrice collective simple qui se concentre sur la coordination des gestes, la coopération entre enfants et l'ajustement des actions en fonction des autres. Les enfants travaillent ensemble pour produire un mouvement synchronisé, ce qui relève clairement des attendus en activité physique. La tenue et manipulation du parachute sollicitent également la coordination fine et globale. Aucun attendu en EDD n'est pertinent ici puisqu'il n'y a pas de dimension environnementale, écologique ou de développement durable explicite dans cette activité.

## ANALYSE DES ATTENDUS

Les attendus pertinents concernent exclusivement le domaine **Activité physique** :

- **id=520** : "Construire et conserver une sequence d'actions et de deplacements, en relation avec d'autres partenaires" → L'activité demande de maintenir un mouvement de va-et-vient collectif et coordonné
- **id=521** : "Coordonner ses gestes et ses deplacements avec ceux des autres, lors de rondes et jeux chantes" → Le mouvement de va-et-vient synchronisé du parachute tenu à plusieurs est exactement cela
- **id=522** : "Cooperer, exercer des roles differents complementaires" → Tous les enfants coopèrent pour créer le même mouvement collectif

=== jeu du parachute mouvement de va-et-vient assis — C2 ===
## RAISONNEMENT

Le « jeu du parachute mouvement de va-et-vient assis » est une activité motrice collective très simple : les enfants assis tiennent un parachute et le font bouger d'avant en arrière ensemble. Cette activité travaille principalement la **coordination motrice collective**, le **respect des règles de vie collective** et la **participation à un groupe**. Elle sollicite aussi les capacités d'**écoute et de concentration** pour synchroniser le mouvement. Aucun apprentissage disciplinaire ou enjeu EDD spécifique n'est clairement travaillé : ce n'est ni une investigation nature, ni un apprentissage académique, mais un jeu moteur et social d'intégration.

## JSON

=== jeu du parachute mouvement de va-et-vient assis — C3 ===
## Raisonnement

Cette activité est un jeu moteur simple centré sur un mouvement de va-et-vient assis avec un parachute. Il s'agit essentiellement d'une activité d'éducation physique et sportive qui développe la coordination motrice, l'équilibre postural et le travail collectif. Les enfants doivent synchroniser leurs mouvements pour créer un effet d'ondulation du parachute. Sur le plan pédagogique, l'attendu disciplinaire qui correspond le mieux est celui portant sur la réalisation d'actions motrices dans le cadre de l'EPS, ainsi que le respect et la collaboration avec les pairs. Il n'y a pas d'enjeu environnemental ou éducation au développement durable directement impliqué dans cette activité basique de motricité.

=== jeu du parachute rabattre la toile sur la nuque comme des autruches — C1 ===
## RAISONNEMENT

Cette activité est un jeu dynamique et collectif avec parachute qui mobilise principalement des compétences motrices et sociales. Les enfants doivent courir, se coucher rapidement, coordonner leurs mouvements avec les autres participants, et coopérer pour réussir l'action collective. L'aspect ludique et mimétique (imiter les autruches) s'inscrit dans une exploration corporelle guidée. Les attendus pertinents concernent donc l'activité physique (déplacement, coordination), la coopération et la conscience corporelle.

=== jeu du parachute rabattre la toile sur la nuque comme des autruches — C2 ===
## Raisonnement

Cette activité est un jeu moteur collectif utilisant un parachute. Elle sollicite principalement des compétences d'expression corporelle, de coordination motrice et de participation collective. Les enfants reproduisent une action (se coucher, rabaisser le parachute) inspirée d'un comportement animal, ce qui mobilise des capacités motrices et d'adaptation du corps. Il y a également une dimension de jeu collectif où les enfants doivent se coordonner et participer ensemble à une action commune.

Les attendus qui correspondent directement sont ceux liés à l'EPS (expression artistique et participation à un jeu collectif) et aux compétences sociales de participation groupale.

=== jeu du parachute rabattre la toile sur la nuque comme des autruches — C3 ===
## RAISONNEMENT

L'activité "L'autruche" est un jeu moteur simple utilisant un parachute. Elle consiste à créer une bulle d'air et à se coucher pour rabattre la toile sur la nuque. C'est essentiellement un jeu de coordination motrice et de jeu collectif en environnement inhabituels (avec matériel de parachute). L'activité ne traite pas directement d'enjeux environnementaux, d'alimentation, d'eau, de ressources, ou de préservation de la biodiversité. Elle ne porte pas non plus sur des savoirs disciplinaires spécifiques en français, mathématiques ou sciences au sens académique du terme.

Cependant, elle développe clairement des attendus en **EPS** (environnements variés, expression corporelle) et en **EMC** (respect d'autrui, coopération dans l'activité collective). Les attendus pertinents concernent la réalisation d'activités motrices dans des environnements inhabituels et l'acceptation à se produire/participer ensemble.

## JSON

=== jeu du parachute rabattre la toile sur la nuque comme des autruches — C4 ===
# RAISONNEMENT

Cette activité est un jeu moteur collectif avec parachute qui privilégie principalement le mouvement, la coordination et l'interaction ludique en groupe. Elle combine une action physique rapide (se coucher, rabaisser) avec un imaginaire animal (autruches). Cependant, le référentiel fourni ne contient **aucun attendu scolaire listé** pour le Cycle 4 — la section "ATTENDUS SCOLAIRES DISPONIBLES (Cycle 4)" est vide. Sans liste d'attendus à confronter, il est impossible d'en sélectionner de manière fiable selon les règles établies (ne retenir que les IDs existants).

# JSON

=== jeu du parachute s'enfouir à l'intérieur de la montagne d'air — C1 ===
## RAISONNEMENT

Cette activité de jeu du parachute est centrée sur le mouvement corporel collectif, la coordination entre enfants et l'exploration sensorielle. Les enfants courent, se déplacent rapidement, se glissent sous le parachute, s'assoient ensemble, et expérimentent les sensations liées à l'air emprisonné. Il s'agit principalement d'une activité physique (course, déplacement, coordination) et de jeu coopératif où les enfants doivent synchroniser leurs actions. L'aspect sensoriel (sensation d'enfermement, d'air, sensation tactile) est secondaire. Les attendus disciplinaires en activité physique et coopération sont les plus pertinents.

## JSON

=== jeu du parachute s'enfouir à l'intérieur de la montagne d'air — C2 ===
## RAISONNEMENT

Cette activité est un jeu dynamique avec parachute qui travaille principalement des compétences motrices et sociales. Les enfants créent collectivement une "montagne d'air" en manipulant le parachute, puis s'engouffrent à l'intérieur en groupe. Cela développe la coordination motrice, la coopération et le respect des règles collectives. Sur le plan scientifique, l'activité crée implicitement une expérience sensorielle autour de l'air et du mouvement, mais sans réel apprentissage conceptuel structuré. Les attendus disciplinaires en EPS (coopération, participation collective, adaptation à un environnement) et en EMC (respect des règles, participation au groupe) correspondent le plus précisément à ce qui se joue concrètement.

## JSON

=== jeu du parachute s'enfouir à l'intérieur de la montagne d'air — C3 ===
## Raisonnement

Cette activité est un jeu moteur simple basé sur la manipulation collective d'un parachute. Les enfants créent une « montagne d'air » et s'engouffrent à l'intérieur en s'asseyant sur le tissu. L'activité met l'accent sur : (1) la coordination motrice et l'action collective, (2) l'exploration sensorielle de l'air et du mouvement, (3) le respect de consignes de sécurité dans un environnement inhabituel. Sur le plan disciplinaire, elle relève principalement de l'EPS (environnements variés, expression collective). Aucun attendu EDD n'est directement travaillé puisque l'activité n'aborde ni la biodiversité, ni l'eau, ni l'alimentation, ni les ressources naturelles, ni la transition écologique. Il s'agit d'un jeu physique sans dimension réflexive ou critique sur l'environnement.

=== jeu du parachute tendre la toile en assiette — C1 ===
## Raisonnement

Ce jeu du parachute est une activité motrice collective très structurée. Les enfants tiennent ensemble un parachute et le tendent progressivement en se penchant en arrière, créant une forme d'assiette. L'activité travaille principalement la **coordination des gestes avec d'autres** (action collective synchronisée), l'**ajustement des déplacements** (incliner son corps progressivement), et la **coopération** (tenir ensemble pour un but commun). C'est un jeu d'équilibre et de motricité où chacun doit adapter son action à celle des autres pour maintenir la tension de la toile.

## JSON

=== jeu du parachute tendre la toile en assiette — C2 ===
## RAISONNEMENT

Le "jeu du parachute - tendre la toile en assiette" est une activité motrice et ludique basée sur la coopération collective pour créer une forme. Il ne contient aucune dimension pédagogique liée à l'alimentation, l'environnement, la biodiversité ou l'éducation au développement durable. Sur le plan disciplinaire, il travaille principalement la coopération motrice, l'équilibre et le travail collectif, mais les attendus correspondants (EPS coopération/affrontement) ne sont pas directement et précisément visés par cette activité très simple et brève. Aucun attendu du référentiel ne correspond clairement à ce jeu élémentaire de parachute.

## JSON

=== jeu du parachute tendre la toile en assiette — C3 ===
## RAISONNEMENT

Cette activité est un jeu moteur très simple utilisant un parachute comme matériel ludique. Les enfants se tiennent au parachute et le tendent ensemble pour former une forme d'assiette. C'est essentiellement un exercice de **coordination motrice collective**, de **maintien d'équilibre** et de **coopération** sans contenu pédagogique disciplinaire ou environnemental marqué. 

L'activité ne traite pas de thèmes EDD (alimentation, eau, biodiversité, etc.), n'implique pas d'apprentissages scientifiques, historiques, mathématiques ou linguistiques particuliers. Elle ne développe que des compétences motrices basiques et sociales (respect des consignes, action collective).

Aucun attendu du référentiel ne correspond directement et précisément à cette activité simple de motricité ludique.

=== jeu du parachute viser le trou central avec la balle — C1 ===
## RAISONNEMENT

Le "jeu du parachute visant le trou central avec la balle" est une activité physique et motrice collective. Les enfants manipulent ensemble un parachute pour créer du mouvement et essaient de diriger une balle vers un orifice central. Cette activité mobilise principalement :

1. **La coordination motrice collective** : les enfants doivent coordonner leurs gestes avec ceux des autres pour contrôler le parachute et la trajectoire de la balle (id=518, id=521, id=522).
2. **L'action physique orientée vers un but** : lancer/diriger un objet (la balle) dans un objectif précis (le trou central) (id=517).
3. **La coopération** : travailler ensemble vers un objectif commun (id=522).

Les attendus liés à l'EDD sur la biodiversité, l'alimentation, l'eau ou le numérique ne correspondent pas à cette activité purement motrice. Les attendus mathématiques ou linguistiques ne sont pas directement travaillés de manière centrale.

=== jeu du parachute viser le trou central avec la balle — C2 ===
## RAISONNEMENT

Cette activité est un jeu collectif de coordination motrice avec parachute. Elle mobilise principalement des compétences physiques (contrôle du mouvement collectif, précision gestuelle) et des compétences sociales (coopération, participation à un groupe). Sur le plan disciplinaire, elle relève clairement de l'EPS (Education Physique et Sportive), en particulier des domaines "Affrontement" (jeu collectif avec objectif partagé) et "Performance" (viser une cible avec précision). Les attendus EDD et autres domaines (français, mathématiques, sciences) ne correspondent pas à la nature concrète de cette activité simple et très orientée vers l'action motrice collective.

## JSON

=== jeu du parachute viser le trou central avec la balle — C3 ===
## Raisonnement

Le "jeu du parachute viser le trou central avec la balle" est une activité motrice et ludique simple. Les enfants manipulent collectivement un parachute pour diriger une balle vers son centre. Cette activité mobilise principalement des compétences en EPS (Education Physique et Sportive) : coordination motrice, travail collectif, gestion d'effort dans une activité de précision et d'équilibre. Elle ne présente aucun lien direct avec les attendus d'EDD (Education au Développement Durable) proposés, ni avec les autres disciplines (français, sciences, histoire, etc.). C'est une activité purement ludique et motrice sans visée pédagogique environnementale, scientifique ou disciplinaire marquée.

=== jeu du parachute échanger de place sous la toile agitée — C1 ===
## Raisonnement

Le "jeu du parachute - échanger de place sous la toile agitée" est une activité motrice et ludique centrée sur trois dimensions : (1) les déplacements et ajustements posturaux sous contrainte (toile en mouvement), (2) la coordination collective et la coopération entre enfants, et (3) l'exploration motrice via l'imitation de mouvements d'animaux. L'activité ne traite pas de contenus disciplinaires spécifiques (sciences, mathématiques, langage structuré) mais travaille exclusivement les compétences motrices et sociales, particulièrement la coordination des gestes avec autrui, l'adaptation aux obstacles dynamiques, et la coopération.

## JSON

=== jeu du parachute échanger de place sous la toile agitée — C2 ===
## RAISONNEMENT

Cette activité est avant tout un jeu moteur et collectif basé sur le parachute. Elle travaille principalement des compétences en EPS (affrontement/jeu collectif, respect des règles, adaptation motrice) et en EMC (participation au groupe, respect des consignes, coordination collective). Les dimensions d'imitation de mouvements d'animaux introduisent une créativité motrice légère. Aucune dimension d'EDD, de français, de mathématiques ou d'autres disciplines n'est directement mobilisée par cette activité. Les attendus pertinents concernent l'engagement dans le jeu collectif, le respect des règles, la participation au groupe et la gestion motrice en environnement.

=== jeu du parachute échanger de place sous la toile agitée — C3 ===
## RAISONNEMENT

Cette activité est avant tout un **jeu moteur et collectif** qui se déroule en extérieur avec un parachute. Elle travaille essentiellement :
1. La **coordination motrice et le déplacement dans l'espace** (échanges de places, déplacements variés « comme un canard, un serpent, etc. »)
2. L'**engagement dans une activité physique collective** et le **respect des rôles** (certains animent la toile pendant que d'autres échangent)
3. L'**écoute et la participation constructive** aux consignes du groupe
4. Potentiellement une **ouverture sensorielle et ludique à l'environnement naturel** (activité en extérieur)

Parmi les attendus disponibles, seuls quelques attendus en EPS et EMC correspondent directement à ce que fait concrètement l'activité. Les attendus EDD (alimentation, eau, ressources, etc.) ne s'appliquent clairement pas. Les attendus disciplinaires qui match : EPS (mouvements, environnement, collectivité), EMC (partage collectif, respect autrui), et très marginalement Français (écoute, participation aux échanges).

## JSON

=== jeu du photographe qui dirige sa star en posture par des consignes verbales — C2 ===
## RAISONNEMENT

Ce jeu de direction corporelle cible principalement les compétences en **langage oral précis** (production d'énoncés clairs et pertinents pour guider autrui) et en **expression corporelle**. Le photographe doit produire des consignes verbales structurées et adaptées à son interlocuteur, ce qui correspond directement aux attendus de français oral. L'activité mobilise aussi fortement l'**expression corporelle et l'adaptation motrice** puisque la « star » doit interpréter les consignes et adopter des postures variées. De plus, la collaboration entre partenaires et l'écoute mutuelle relèvent des compétences sociales (EMC). Les dimensions d'imagination et d'expression inventive touchent également les arts plastiques via la création de postures et de compositions gestuelles.

=== jeu du photographe qui dirige sa star en posture par des consignes verbales — C3 ===
## RAISONNEMENT

Ce jeu de direction corporelle travaille principalement les compétences de communication verbale précise et d'expression corporelle. Le photographe doit formuler des consignes claires et détaillées pour diriger le corps de son partenaire, ce qui mobilise un vocabulaire spatial et descriptif spécifique. La star, elle, doit interpréter et exécuter des postures selon les indications reçues. Sur le plan disciplinaire, cela correspond directement aux attendus en langage oral (écoute, compréhension, expression précise) et en expression artistique/corporelle. Le jeu requiert également une écoute active, l'acceptation du point de vue/des directives d'autrui et une collaboration entre pairs. Aucun attendu EDD ne s'applique directement à cette activité qui est avant tout motrice, artistique et langagière.

=== jeu du prénom en geste répété en écho par le groupe — C1 ===
## Raisonnement

Le jeu du prénom en geste répété en écho est une activité de dynamique de groupe centrée sur la présentation personnelle par la parole et le mouvement. L'activité travaille principalement trois domaines : (1) la coordination des gestes et des déplacements avec les autres enfants lors d'une activité collective, (2) la communication orale et l'expression personnelle du enfants, et (3) la reproduction de formules rythmiques et de mouvements corporels de manière collective. Les attendus disciplinaires liés à l'activité physique (coordination corporelle et activités en groupe), au langage oral (communication et expression) et à la musique/expression corporelle (reproduction rythmique et corporelle) sont les plus pertinents. Les attendus EDD ne correspondent pas clairement à cette activité ludique de présentation.

=== jeu du prénom en geste répété en écho par le groupe — C2 ===
# Raisonnement

Cette activité est un jeu de présentation coopératif centré sur la répétition de prénoms accompagnés de gestes. Les apprentissages qu'elle mobilise relèvent principalement de la communication orale, de l'expression corporelle et de la dynamique collective. Elle travaille la capacité à s'exprimer clairement, à écouter les autres, à mémoriser et reproduire une séquence gestuelle, ainsi que la participation dans un groupe. Il s'agit d'une activité très ciblée qui ne relève pas directement de l'éducation à l'environnement ou du développement durable, mais plutôt des compétences transversales de communication et d'expression.

# JSON

=== jeu du prénom en geste répété en écho par le groupe — C3 ===
## RAISONNEMENT

Cette activité est un jeu de présentation basé sur l'expression corporelle et orale en groupe. Elle mobilise principalement des compétences de communication, d'expression gestuelle et de cohésion de groupe. Sur le plan disciplinaire, elle travaille l'expression artistique (gestes, mouvements), la participation constructive aux échanges oraux, et le respect d'autrui dans un contexte collectif. Sur le plan EDD, elle n'aborde aucun enjeu spécifique de développement durable (alimentation, énergie, ressources, biodiversité, etc.). Les attendus pertinents sont donc limités à la sphère disciplinaire, particulièrement en EPS (expression artistique), français (langage oral), et EMC (respect autrui, vie collective).

## JSON

=== jeu du prénom en geste répété en écho par le groupe — C4 ===
**RAISONNEMENT**

Cette activité est un jeu de présentation et de cohésion de groupe basé sur la répétition collective de prénoms accompagnés de gestes. En analysant le contenu concret :
- Elle travaille l'expression personnelle et la créativité (association parole + geste)
- Elle développe l'écoute active et l'observation (imitation du groupe)
- Elle favorise l'inclusion et la dynamique de groupe (participation collective, synchronisation)

Cependant, il est important de noter que le référentiel des attendus scolaires pour le Cycle 4 n'a pas été fourni dans votre message. Sans accès à la liste concrète des attendus disponibles, je ne peux pas faire de correspondance précise avec des IDs existants.

**JSON**

=== jeu du regard croisé et formation de cercles — C1 ===
## Raisonnement

Le jeu du regard croisé et formation de cercles est une activité de dynamique de groupe centrée sur l'interaction sociale, la coordination collective et la construction de liens entre enfants. Elle travaille principalement des attendus liés à la coordination des gestes et déplacements en interaction avec d'autres enfants, ainsi qu'à la coopération et à l'ajustement collectif. Les attendus disciplinaires en activité physique (rondes, jeux coordonnés) et en langage non-verbal sont directement mobilisés. L'activité ne comporte pas de dimension pédagogique nature ou EDD en tant que telle.

## JSON

=== jeu du regard croisé et formation de cercles — C2 ===
## RAISONNEMENT

Le "jeu du regard croisé et formation de cercles" est un jeu de connaissance très structuré autour de l'interaction collective, de la synchronisation du groupe et de la capacité à établir des contacts visuels. Il ne contient aucune dimension liée à l'apprentissage de contenus disciplinaires (sciences, mathématiques, français, etc.) ni à l'éducation au développement durable. Les attendus pertinents concernent exclusivement les compétences sociales et comportementales : le respect d'autrui, la participation au groupe, l'écoute et le respect des règles collectives. La variante avec grimaces/positions sollicite également l'expression corporelle.

## JSON

=== jeu du regard croisé et formation de cercles — C3 ===
## RAISONNEMENT

Le « Jeu du regard croisé et formation de cercles » est une activité ludique de dynamique de groupe basée sur l'établissement de contacts visuels et la formation de cercles. Elle ne porte pas sur l'environnement naturel, la biodiversité, l'eau, l'alimentation durable, ou les ressources naturelles. C'est un jeu social et relationnel visant à créer du lien, de la cohésion et de l'amusement collectif. Les attendus EDD traitent tous de problématiques environnementales, climatiques ou de gestion des ressources, qui ne sont pas du tout abordées ici. Les attendus disciplinaires pertinents pourraient concerner l'EMC (respect, partage d'émotions, culture civique) ou l'EPS (expression artistique, affrontement avec ses dimensions sociales), mais l'activité est trop simple et peu structurée pour justifier une correspondance directe avec ces attendus qui demandent des apprentissages plus explicites et réfléchis.

## JSON

=== jeu du savant qui transforme les joueurs en robots saccadés — C2 ===
## RAISONNEMENT

Ce jeu de déplacement et d'expression corporelle travaille principalement des compétences en éducation physique et sportive (EPS), spécifiquement l'expression artistique du corps et l'adaptation motrice à des environnements/situations changeantes. Les enfants doivent mémoriser et reproduire des mouvements saccadés caractéristiques du robot, s'adapter au rythme imposé par la musique et les déplacements des autres. Le jeu implique aussi une dimension sociale : comprendre et respecter les règles, accepter les rôles différents (savant vs robot vs joueur libre), collaborer ou s'opposer selon le contexte, et gérer les interactions avec les pairs dans un espace partagé. Ces apprentissages relèvent également de l'EMC (respecter autrui et les règles).

## JSON

=== jeu du savant qui transforme les joueurs en robots saccadés — C3 ===
# RAISONNEMENT

Ce jeu de déplacement et d'expression corporelle se concentre principalement sur des compétences motrices et d'expression corporelle : variations de mouvements (fluides versus saccadés), adaptation aux autres joueurs, décodage d'informations spatiales multiples. Il ne développe pas directement les attendus en EDD (alimentation, eau, biodiversité, aménagement durable, etc.) qui sont majoritairement présents dans le référentiel. Sur le plan disciplinaire, l'activité relève surtout de l'EPS (Expression artistique et mouvements) et ne travaille que marginalement d'autres domaines comme l'EMC (respect, collaboration) de façon incidente. Les attendus liés à la conscience écologique, à la citoyenneté active ou à la réflexion critique ne sont pas mobilisés par cette activité ludomotrice simple et contextualisée.

=== jeu du sculpteur qui modèle le corps de son partenaire en statue vivante — C1 ===
## RAISONNEMENT

Le jeu du sculpteur est une activité d'expression corporelle et de manipulation du corps fondée sur le contact, la confiance et la coopération. Les attendus pertinents pour le Cycle 1 concernent principalement : (1) la connaissance et l'identification des parties du corps, (2) la coordination des gestes avec d'autres, (3) la coopération et l'interaction physique, (4) la confiance dans le contact physique et le respect d'autrui. L'activité ne traite pas d'EDD (alimentation, biodiversité, eau, etc.), mais elle relève fortement des domaines disciplinaires d'activité physique, d'explorer le monde (corps et sante) et d'expression corporelle.

=== jeu du sculpteur qui modèle le corps de son partenaire en statue vivante — C2 ===
# Raisonnement

Cette activité est avant tout un jeu d'expression corporelle et de confiance interpersonnelle centré sur la manipulation du corps et l'acceptation du contact physique. Elle travaille principalement la mobilisation du corps à des fins expressives (postures et statues), la coopération dans un projet collectif (notamment la tâche 3 avec le musée), le respect et l'écoute d'autrui (confiance mutuelle), et l'acceptation des différences dans les préférences de rôles. Les attendus relevant du domaine EPS / Expression artistique sont particulièrement pertinents puisque l'activité invite à "mobiliser le pouvoir expressif du corps" en créant et reproduisant des postures. L'EMC est également travaillé à travers le respect mutuel, l'acceptation du contact physique, l'écoute d'autrui et la participation dans un groupe (tâche 3).

# JSON

=== jeu du sculpteur qui modèle le corps de son partenaire en statue vivante — C3 ===
# Raisonnement

Cette activité est avant tout un **jeu d'expression corporelle et de confiance basé sur la manipulation du corps**. Elle développe principalement des compétences en **EPS (expression artistique et mouvements)** et en **EMC (respect d'autrui, confiance, collaboration)**. La tâche 3 ajoute une dimension **artistique et collaborative** (disposition spatiale, création collective, exposition imaginaire). Cependant, l'activité ne travaille **pas directement** les attendus disciplinaires en histoire-géographie, sciences, français, mathématiques ou histoire des arts au sens strict. Elle ne s'inscrit **pas non plus** dans les domaines EDD proposés (alimentation, eau, biodiversité, etc.). Les attendus pertinents sont ceux qui concernent l'expression corporelle, le respect, la confiance interpersonnelle et la capacité à participer à un projet collectif artistique.

=== jeu du sorcier qui transforme les joueurs touchés en statues — C3 ===
## RAISONNEMENT

Ce jeu de poursuite et d'expression corporelle en milieu naturel ou gymnase mobilise essentiellement des compétences motrices et relationnelles. Il s'agit d'une activité d'EPS centrée sur le déplacement, l'esquive, l'équilibre et la gestion d'effort dans un contexte de jeu collectif avec règles. Les attendus pertinents relèvent principalement du domaine EPS (déplacements, environnement, affrontement moteur) et de l'EMC (respect des pairs, acceptation du résultat, participation collective). Aucun attendu EDD ou disciplinaire relatif aux apprentissages académiques n'est directement travaillé par cette activité motrice pure.

=== jeu du triangle humain protéger la princesse du dragon — C1 ===
## RAISONNEMENT

Le jeu du triangle est un jeu dynamique de poursuite collectif où les enfants doivent coopérer pour atteindre un objectif commun (protéger la princesse). L'activité mobilise principalement des compétences en activité physique (course, déplacement, coordination avec d'autres) et en coopération. Elle travaille aussi l'ajustement des déplacements en fonction des actions des partenaires et de l'adversaire. Les attendus disciplinaires en activités physiques et coopération sont les plus pertinents, tandis que les domaines EDD (biodiversité, alimentation, eau, etc.) ne sont pas concernés.

## JSON

=== jeu du triangle humain protéger la princesse du dragon — C2 ===
## RAISONNEMENT

Ce jeu dynamique est avant tout une activité physique d'affrontement et de coopération. Les enfants y travaillent principalement des compétences motrices (courir, se déplacer en groupe, contrôler leur engagement) et sociales (respecter les règles, coopérer avec des partenaires, accepter des rôles alternés). Le contexte narratif (princesse/dragon) et le format du jeu de poursuite ne mobilisent pas d'apprentissages liés à l'environnement ou à des enjeux EDD, ni d'éléments artistiques, linguistiques ou mathématiques structurés. Les attendus relevant de l'EPS/Affrontement et de l'EMC/Culture civique correspondent précisément à ce que l'activité développe concrètement.

## SÉLECTION

=== jeu du triangle humain protéger la princesse du dragon — C3 ===
## RAISONNEMENT

Ce jeu est une activité dynamique de type « chat-souris » basée sur la course, l'esquive et la coordination motrice en groupe. Il ne comporte aucune dimension pédagogique liée à la nature, à l'environnement, à la biodiversité ou au développement durable. C'est un pur exercice ludique d'EPS (Education Physique et Sportive) mettant en jeu l'affrontement, la performance motrice et la coopération au sein d'un groupe. Bien qu'il se déroule en extérieur, il n'exploite pas l'environnement naturel et ne vise aucun apprentissage en Éducation à l'Environnement et au Développement Durable.

=== Jeu Jacques a dit mouvements nature et creativite — C1 ===
## RAISONNEMENT

Cette activité est un jeu "Jacques a dit" (Simon Says) nature où les enfants imitent des mouvements d'animaux et de phénomènes naturels. Elle combine trois dimensions clés : 

1. **Activité physique** : Les enfants courent, sautent, rampent, se déplacent selon des mouvements variés (waddle, slither, hop, stomp, creep, etc.), enchainant actions et déplacements.

2. **Observation et conscience de la biodiversité** : Les enfants découvrent et imitent les mouvements caractéristiques d'animaux (pingouin, serpent, ours, lapin, paresseux) et de phénomènes naturels (feuille qui tourbillonne, vague, vent, eau), ce qui crée une familiarité avec la nature et ses mouvements.

3. **Créativité et jeu social** : L'activité encourage l'invention d'adaptations personnelles et le leadership (changement de meneur), développant l'expression corporelle créative et la coopération.

Les attendus les plus directement travaillés concernent donc l'activité physique (mouvements variés, coordination, déplacements en groupe), l'expression corporelle créative, et la prise de conscience de la diversité du vivant à travers l'imitation.

=== Jeu Jacques a dit mouvements nature et creativite — C2 ===
## RAISONNEMENT

Cette activité est un jeu de type "Jacques a dit" adapté à la nature, où les enfants pantomiment des mouvements d'animaux et de phénomènes naturels (waddle, twirl, slither, hop, roll, creep). Le document souligne explicitement qu'elle "encourage l'exercice, la créativité et le plaisir". Les attendus mobilisés sont principalement : (1) **EPS - Expression artistique** : mobiliser le pouvoir expressif du corps en reproduisant ou inventant des séquences d'actions ; (2) **EPS - Affrontement** : respecter les règles d'un jeu collectif ; (3) **EMC - Respecter autrui** : accepter les différences et respecter les engagements dans un cadre ludique collectif ; (4) **Questionner le monde - Vivant** : connaître des caractéristiques du monde vivant (comportements et mouvements des animaux). Les aspects de créativité (créer ses propres adaptations) correspondent aussi à des attentes en arts et expression.

## JSON

=== Jeu Jacques a dit mouvements nature et creativite — C3 ===
## Raisonnement

Cette activité est un jeu de type "Jacques a dit" revisité avec des mouvements naturels (animaux et phénomènes). Elle développe principalement des compétences en expression corporelle et en connaissance de la nature. Sur le plan disciplinaire, elle travaille surtout l'EPS (expression corporelle, mouvement) et l'éducation musicale (expression artistique). Sur le plan de l'EDD, elle aborde une observation sensible du vivant et des phénomènes naturels, sans pour autant développer des enjeux environnementaux structurés (pas de biodiversité, d'alimentation durable, etc.). La dimension "créativité" mentionnée invite aussi à explorer et imiter les mouvements de la nature de manière ludique et imaginative.

=== Jeu pour attirer et observer les gerris — C1 ===
## Raisonnement

Cette activité consiste à attirer et observer des gerris (water striders) en utilisant des twigs pour créer des vibrations dans l'eau qui imitent une proie en détresse. L'enfant observe directement l'animal dans son milieu naturel, découvre ses caractéristiques anatomiques (trois paires de pattes) et son comportement de prédateur (réaction aux vibrations, mouvement vers la proie). Cela travaille principalement l'observation du vivant, la découverte de la biodiversité locale et la prise de conscience de quelques caractéristiques et interactions des êtres vivants. L'activité est très concrète et sensorielle, typique du Cycle 1.

=== Jeu pour attirer et observer les gerris — C2 ===
## RAISONNEMENT

Cette activité propose un jeu pratique d'observation des gerris (water striders) en milieu naturel aquatique. L'activité invite les enfants à attirer les gerris en créant des vibrations dans l'eau à l'aide de deux brindilles, puis à observer de près leur comportement, notamment leur capacité à détecter les vibrations et à se diriger vers une source. Cela travaille directement la connaissance des caractéristiques du monde vivant et l'observation des comportements animaux spécifiques. L'activité implique aussi une sensibilité à la biodiversité locale et à l'interaction avec les êtres vivants dans leur environnement naturel.

## JSON

=== Jeu pour attirer et observer les gerris — C3 ===
## Raisonnement

Cette activité pédagogique propose un jeu simple et concret : utiliser deux twigs pour créer des vibrations dans l'eau et attirer les gerris (water striders) afin de les observer de près. Le document fournit des informations détaillées sur la biologie et l'écologie de ces insectes (surface tension, morphologie, comportement de prédation, détection des vibrations). 

L'activité travaille principalement **l'observation directe d'un animal dans son habitat aquatique** et la **compréhension de ses adaptations et comportements écologiques**. Elle mobilise aussi une démarche d'investigation empirique (tester une hypothèse pour attirer et observer). En termes d'attendus scolaires pour le Cycle 3, cela correspond directement à la caractérisation de la biodiversité et à la description des interactions écologiques dans un écosystème aquatique.

## JSON

=== Jeu pour comprendre les conséquences du dérangement animal — C3 ===
## Raisonnement

Cette activité pédagogique utilise un jeu de reconstitution de frise et de liens de causalité pour faire comprendre aux élèves les conséquences en chaîne du dérangement animal sur un écosystème. Les enfants doivent identifier comment une perturbation (dérangement, stress, fuite) déclenche une succession d'effets : dépense énergétique, affaiblissement, maladies, mortalité augmentée. C'est une approche directe sur les interactions écologiques et les impacts des perturbations sur la biodiversité. L'activité travaille principalement la compréhension des chaînes de causalité écologiques, l'interdépendance des êtres vivants dans un écosystème, et les conséquences des actions humaines sur la faune.

=== Jeu pour comprendre les conséquences du dérangement animal — C4 ===
# RAISONNEMENT

Le document fourni ne contient pas de liste d'attendus scolaires disponibles pour le Cycle 4. La section "=== ATTENDUS SCOLAIRES DISPONIBLES (Cycle 4) ===" est vide dans les instructions reçues.

Sans référentiel d'attendus auquel se rapporter, il m'est impossible de sélectionner les attendus pertinents selon la règle établie : "Ne propose que des IDs qui existent dans le referentiel fourni." En l'absence de cet élément fondamental, je ne peux effectuer l'analyse demandée.

Pour pouvoir procéder, il faudrait recevoir la liste complète des attendus scolaires disponibles pour le Cycle 4 avec leurs identifiants respectifs.

=== Jeu sensoriel pour identifier les arbres les yeux bandés — C2 ===
## RAISONNEMENT

Cette activité sensorielle propose aux enfants d'explorer et d'identifier les arbres en mobilisant le toucher, l'odorat et les sensations tactiles (écorce, forme, diamètre). Elle développe une connaissance concrète des caractéristiques du monde vivant (notamment les arbres) et crée une connexion affective avec un arbre spécifique. L'activité favorise également l'observation attentive des détails naturels et une sensibilité aux différences dans le vivant. Sur le plan disciplinaire, elle mobilise aussi des compétences en EPS (déplacement en environnement inhabituel) et en langage oral (description, échange avec le partenaire).

=== Jeu sensoriel pour identifier les arbres les yeux bandés — C3 ===
## Raisonnement

Cette activité sensorielle permet aux enfants de développer une connaissance fine de la biodiversité locale (flore) en mobilisant tous leurs sens sauf la vue. En identifiant un arbre spécifique par le toucher, l'odorat et l'estimation tactile, les enfants caractérisent la diversité du vivant et apprennent à reconnaître les différentes espèces présentes dans leur environnement. La variante avec mesure de hauteur et diamètre ajoute une dimension de démarche d'investigation. Cette activité contribue directement à la compréhension des écosystèmes locaux et à l'observation du vivant, sans entrer dans une logique de protection ou d'action concrète pour la biodiversité.

=== Jeu éducatif le cycle de vie et survie des insectes — C3 ===
## RAISONNEMENT

Cette activité est un jeu pédagogique où les joueurs progressent d'un stade "Œuf" à un stade "Adulte" en franchissant des cartes d'action représentant différents défis et habitats. Le jeu aborde directement le cycle de vie des insectes (œuf → adulte) et les facteurs de survie/mortalité (prédateurs, conditions environnementales, compétition). Deux attendus disciplinaires se dégagent clairement : d'abord la description du cycle de vie des animaux (sciences), ensuite la compréhension des interactions biotiques dans les écosystèmes (chaîne trophique, prédation). L'activité ne mobilise que faiblement les attendus EDD liés à la biodiversité (pas de sensibilisation à la préservation ou d'action concrète de conservation), contrairement à ce que suggérerait une lecture rapide du titre.

=== Jeu éducatif le cycle de vie et survie des insectes — C4 ===
# RAISONNEMENT

Cet activité est un jeu éducatif sur le cycle de vie des insectes (de l'œuf à l'adulte) et les facteurs de survie. Le document présente un jeu de plateau où les joueurs simulent le parcours de développement d'un insecte à travers différents habitats, en rencontrant des défis de survie (prédateurs, conditions environnementales) représentés par les cartes d'action. Cependant, le document fourni ne contient que les règles générales du jeu et ne détaille pas le contenu pédagogique spécifique des cartes d'action, ce qui rend impossible une correspondance précise avec les attendus scolaires du Cycle 4.

Sans accès au référentiel des attendus scolaires disponibles pour le Cycle 4, je ne peux que constater que cette activité travaille clairement des compétences liées à la biologie (cycles de vie, écologie, chaînes alimentaires) et à la compréhension des mécanismes de sélection naturelle. L'activité mobilise aussi des compétences transversales (jeu collaboratif, prise de décision, compréhension de règles).

=== Jeux de cercle extérieur pour cohésion et estime de soi — C2 ===
## RAISONNEMENT

Cette activité de jeux de cercle extérieurs cible principalement le développement socio-émotionnel et les compétences collectives des enfants. Les trois jeux proposés travaillent explicitement : l'écoute mutuelle et le respect (règles de cercle), la reconnaissance de la valeur personnelle par les compliments ("I think you're great"), l'apprentissage des noms et la découverte des unicités de chacun. L'activité met en avant le travail d'équipe (jeu du ballon roulant) et la participation inclusive. Bien que réalisée en extérieur, il ne s'agit pas d'une activité de pédagogie de la nature au sens écologique, mais plutôt d'une activité de citoyenneté et d'éducation à la vie collective adaptée à un contexte extérieur.

Les attendus disciplinaires les plus pertinents relèvent donc principalement d'EMC (respect d'autrui, culture civique) et marginalement d'EPS (affrontement/jeux collectifs) et français (langage oral).

## JSON

=== Jeux de cercle extérieur pour cohésion et estime de soi — C3 ===
## RAISONNEMENT

Cette activité de jeux de cercle extérieur cible principalement le développement socio-émotionnel et la cohésion de groupe. Les trois jeux proposés (Roller Ball, I think you're great, Name Game) travaillent explicitement : l'écoute mutuelle et le respect d'autrui, le partage d'émotions positives (compliments, reconnaissance), l'acceptation des différences et l'estime de soi. L'activité demande aussi aux enfants de participer à des échanges constructifs, de s'exprimer à l'oral et de respecter un cadre collectif avec des règles claires. Ces dimensions correspondent directement aux attendus en EMC (respecter autrui, partager et réguler des émotions, participer aux échanges) et en français oral (participer de façon constructive aux échanges).

## JSON

=== jeux de souffle pour déplacer ou maintenir un papier léger — C1 ===
## Raisonnement

L'activité « Jeux de souffle » est une succession de jeux moteurs et coopératifs utilisant le contrôle du souffle et le mouvement. Les variantes 1 à 3 mobilisent principalement des capacités de **déplacement, d'ajustement d'actions, de coopération et d'opposition**, tout en travaillant la coordination corpo-respiratoire. La variante 4 (conflit sonore) et la variante 5 (marches respirées) ciblent davantage la **prise de conscience du souffle et du contrôle respiratoire**. Au Cycle 1, cette activité relève avant tout du domaine de l'**activité physique** (ajustement des actions, coopération-opposition, déplacement) et du **bien-être corporel** (conscience du souffle, respiration). Les attendus EDD (alimentation, biodiversité, eau, etc.) ne correspondent pas au contenu de cette activité.

Les attendus pertinents sont ceux liés à la coordination, à la coopération-opposition, et à la conscience du corps en mouvement. Les variantes musicales ou de phonologie (id 527-529, 510) n'ont qu'un lien marginal et ne doivent pas être retenus.

=== jeux de souffle pour déplacer ou maintenir un papier léger — C2 ===
## RAISONNEMENT

Cette activité de jeux de souffle est principalement centrée sur l'**expression corporelle**, le **contrôle du souffle** et les **interactions motrices** (coopération/opposition). Elle mobilise des dimensions de l'**EPS** (jeux d'opposition, capacités motrices, respect des règles) et du **questionnement du monde** concernant la **respiration et le corps humain**. Les variantes impliquent également une gestion collective du groupe et du respect de règles. Cependant, l'activité ne touche pas vraiment à l'EDD, l'environnement ou les problématiques de développement durable. Les attendus les plus pertinents concernent l'expression motrice, l'affrontement/opposition ludique, et très secondairement la connaissance du vivant.

## JSON

=== jeux de souffle pour déplacer ou maintenir un papier léger — C3 ===
# Raisonnement

L'activité « Jeux de souffle pour déplacer ou maintenir un papier léger » est une activité motrice et ludique qui sollicite principalement le contrôle du corps et l'expression par des gestes respiratoires. Elle relève d'une pédagogie corporelle et gestuelle, centrant l'apprentissage sur des acquisitions motrices (coordination, expression) et des compétences transversales (coopération, affrontement ludique). Bien que cette activité puisse se dérouler dans des contextes naturels, elle n'est pas résolument ancrée dans la nature, l'environnement durable ou des enjeux écologiques. Aucun attendu EDD ne s'applique clairement. Seuls les attendus disciplinaires relevant de l'EPS (Expression artistique, Affrontement) et potentiellement EMC (Respecter autrui, coopération) correspondent de manière directe à ce que l'activité travaille concretement.

=== Jouer et apprendre avec les samares d'érable — C1 ===
## RAISONNEMENT

Cette activité propose aux enfants de jouer avec les samares d'érable (graines ailées) à travers des jeux de lancer et de comptage, ainsi que de créer un collier des bois. L'activité mobilise principalement : (1) l'observation et la manipulation de structures naturelles (samares), ce qui correspond aux attendus sur la découverte du vivant ; (2) des jeux de comptage et de comparaison quantitative (lancer dans une cible et compter les touches) ; (3) une activité de création artistique (peinture des samares et enfilage) ; (4) la reconnaissance de caractéristiques d'arbres et de graines ailées. L'approche est très concrète et ludique, centrée sur l'expérience sensorielle et manipulatoire typique du Cycle 1.

## SÉLECTION

Les attendus retenus correspondent à :
- L'observation et la description du vivant (samare, érable, structure de dispersion)
- Le comptage et la comparaison de quantités (nombre de graines qui touchent la cible)
- La création artistique (peinture, composition avec matériaux naturels)
- L'utilisation appropriée d'outils (pinceaux, fil, aiguille)

=== Jouer et apprendre avec les samares d'érable — C2 ===
## RAISONNEMENT

Cette activité propose des jeux et créations manuelles à partir de samares d'érable en automne. Elle travaille principalement la connaissance du vivant (structure et fonction de dispersion des graines), l'observation directe en nature, et des activités pratiques (jeux de lancer, création d'objets). Les attendus les plus pertinents concernent donc :
- La connaissance des caractéristiques du monde vivant et de ses interactions (id=648)
- Des pratiques d'observation et de description d'éléments naturels (id=660 paysages/éléments naturels)
- Les créations plastiques et l'expression artistique (id=617)
- Les habiletés motrices liées aux jeux extérieurs (id=626 courir/sauter/lancer, id=630 parcours/environnements variés)

## JSON

=== Jouer et apprendre avec les samares d'érable — C3 ===
# Raisonnement

Cette activité pédagogique combine plusieurs dimensions : elle permet d'observer et de comprendre la structure et la fonction des samares de l'érable (dispersion des graines par le vent), de pratiquer des jeux de motricité et de précision avec du matériel naturel, et de créer des objets (bracelets, colliers) à partir de fruits récoltés. Sur le plan scientifique, elle travaille la compréhension des cycles de vie et de la reproduction des plantes, particulièrement la dispersion des graines. Elle engage aussi l'observation de la biodiversité locale (érables, tilleuls) et les caractéristiques morphologiques des organismes vivants. L'aspect jeu et créativité relève plutôt de compétences transversales mais reste secondaire aux enjeux pédagogiques nature/sciences.

=== L'appel des animaux, une technique d'observation nature — C2 ===
## RAISONNEMENT

Cette activité enseigne aux enfants du Cycle 2 une technique d'observation nature basée sur l'imitation de sons animaux (squeaking et pishing) pour attirer et observer les oiseaux et autres animaux sauvages en milieu naturel. L'activité développe principalement la connaissance des caractéristiques du monde vivant (comportements, diversité des espèces), la sensibilité à l'environnement naturel immédiat, et encourage l'observation directe et l'écoute attentive. Elle crée également une connexion entre le comportement humain et celui des animaux sauvages, ce qui relève de la biodiversité et de l'interaction humain-environnement.

Les attendus les plus pertinents concernent la connaissance du vivant et ses interactions, ainsi que la sensibilité comportementale envers la nature et la biodiversité.

=== L'appel des animaux, une technique d'observation nature — C3 ===
## RAISONNEMENT

Cette activité pédagogique enseigne des techniques concrètes d'observation de la faune sauvage (oiseaux, mammifères) en milieu naturel, basées sur l'imitation de sons animaux pour les attirer. Elle développe principalement la capacité à observer et identifier les espèces et à comprendre les comportements animaux. Elle touche aussi à l'appréciation de la biodiversité et à l'écoute active de l'environnement naturel. En Cycle 3, cela correspond directement aux attendus portant sur l'étude de la biodiversité, la caractérisation des écosystèmes et les interactions au sein de la nature, ainsi qu'à la reconnaissance de la valeur du patrimoine naturel. Les techniques d'observation calme et patiente relèvent aussi de compétences scientifiques de base (investigation, observation).

## JSON

=== L'appel des animaux, une technique d'observation nature — C4 ===
## RAISONNEMENT

Le document décrit des techniques pratiques d'observation d'animaux (oiseaux et mammifères) en milieu naturel : l'imitation de cris (squeaking, pishing) pour attirer les animaux. L'activité développe principalement des compétences d'observation, d'écoute et de reconnaissance du vivant, ainsi qu'une compréhension des comportements animaux (réponses aux appels, territorialité, prédation). Elle favorise aussi une immersion sensorielle et une meilleure connaissance de l'environnement naturel local.

Cependant, **aucun référentiel d'attendus scolaires n'a été fourni** pour le Cycle 4, ce qui rend impossible l'identification précise des correspondances attendues. Sans le document listant les attendus disponibles pour ce niveau, je ne peux pas valider quels objectifs pédagogiques l'activité cible vraiment selon le référentiel officiel.

## JSON

=== Les papillons gourmands comprennent la pollinisation par jeu — C2 ===
## RAISONNEMENT

L'activité « Les papillons gourmands » est un jeu ludique et kinesthésique centré sur la compréhension de la pollinisation par les insectes. Les enfants simulent le rôle des papillons en butinant des fleurs (transférant du pollen via une paille) et découvrent ainsi le mécanisme de reproduction des fleurs. Cette activité travaille principalement deux domaines : (1) la connaissance des caractéristiques du monde vivant et des interactions (discipline sciences), et (2) la sensibilité aux rôles écologiques des insectes pollinisateurs dans la biodiversité et les écosystèmes (EDD).

Les attendus retenus correspondent aux objectifs explicites de l'activité : comprendre les caractéristiques du vivant et ses interactions (id=648), et développer une sensibilité au rôle des insectes dans les écosystèmes et la biodiversité (id=573, id=574). L'activité inclut aussi une dimension de jeu collectif et de participation en groupe (id=643).

=== Les papillons gourmands comprennent la pollinisation par jeu — C3 ===
## RAISONNEMENT

L'activité « Les papillons gourmands » est un jeu kinesthésique et ludique conçu pour faire comprendre aux enfants le concept de pollinisation et le rôle des insectes pollinisateurs dans la reproduction des plantes. Elle combine une course-relais (approche motrice) avec une démonstration pédagogique finale utilisant une maquette de fleur. Le cœur de l'apprentissage porte sur la biologie des plantes (reproduction, structures florales) et l'écologie (rôle des insectes dans les écosystèmes). Deux attendus disciplinaires en Sciences et technologie correspondent directement à ces objectifs d'apprentissage : le cycle de vie et reproduction des plantes, et la caractérisation des interactions dans un écosystème.

## JSON

=== Leçon sur la prévention et la gestion des feux de forêt — C3 ===
## Raisonnement

Cette activité pédagogique porte sur la prévention et la gestion des feux de forêt à travers trois volets : comprendre le "triangle du feu" (chaleur, combustible, oxygène), explorer les risques d'incendie en interface urbain-nature et simuler par le jeu comment les feux se propagent et peuvent être contrôlés. L'activité s'inscrit clairement dans l'EDD (Éducation au Développement Durable) en abordant la gestion durable des ressources naturelles et des écosystèmes, ainsi que les risques environnementaux. Elle travaille également des compétences scientifiques (observation, expérimentation, raisonnement causal) et développe la conscience civique face aux enjeux environnementaux concrets.

Les attendus retenus concernent principalement : la compréhension des transformations écosystémiques (successions et impacts du feu), la gestion durable des ressources (forêts), la préservation de la biodiversité, et la participation à des actions concrètes de réduction des risques environnementaux. L'activité inclut aussi des dimensions de communication orale et de réflexion critique sur les comportements responsables.

=== Leçon sur la prévention et la gestion des feux de forêt — C4 ===
# RAISONNEMENT

Cette activité pédagogique "Living with Fire" propose une approche complète de la prévention et la gestion des feux de forêt à travers trois parties :
- **Partie A** : comprendre les trois éléments du triangle du feu (chaleur, combustible, oxygène) et les démonstrations expérimentales
- **Partie B** : explorer l'interface forêt-urbain et les mesures de protection des habitations
- **Partie C** : un jeu de rôle simulant la propagation et le contrôle des feux

Cependant, le document fourni ne contient **aucun référentiel d'attendus scolaires explicites** pour le Cycle 4. La section "=== ATTENDUS SCOLAIRES DISPONIBLES (Cycle 4) ===" est vide. Sans liste d'attendus à sélectionner, je ne peux pas effectuer de matching pertinent selon les règles imposées.

# JSON

=== Ligne du temps evolution de l'environnement local — C3 ===
## RAISONNEMENT

Cette activité pédagogique invite les élèves à enquêter sur les changements de leur environnement local au fil du temps en construisant une frise chronologique. Elle met fortement l'accent sur l'observation de transformations écosystémiques, paysagères et humaines (végétation, faune, modes de vie, urbanisme) et sur l'identification de causalités et de tendances. Les concepts clés incluent la notion que les écosystèmes changent selon des patterns (succession, perturbations naturelles et humaines), et que l'augmentation des connaissances environnementales influence les modes de vie. Sur le plan disciplinaire, l'activité mobilise des compétences en chronologie (frise, situation temporelle), en géographie (description de paysages et d'espaces), en recherche documentaire et en expression orale/écrite.

Trois attendus EDD apparaissent particulièrement pertinents : la biodiversité et ses changements territoriaux, l'aménagement durable des territoires et son évolution, et quelques compétences transversales en histoire-géographie.

## JSON

=== Ligne du temps evolution de l'environnement local — C4 ===
# RAISONNEMENT

L'activité « Ligne du temps évolution de l'environnement local » (Did You Notice?) est centrée sur l'investigation des changements dans l'environnement local au fil du temps, avec identification de patterns d'évolution. Les élèves recherchent des informations historiques, construisent une chronologie, analysent les causes des changements (paysage, faune, mode de vie humain) et réfléchissent à leurs implications. Cependant, le document fourni ne contient **aucun attendu scolaire spécifique du Cycle 4** dans la section "ATTENDUS SCOLAIRES DISPONIBLES". La liste est vide. Sans référentiel d'attendus disponibles pour comparer, il est impossible de sélectionner des correspondances valides selon les règles imposées (ne proposer que des IDs existants).

# RÉPONSE

=== Marche nocturne pour découvrir la vie animale — C3 ===
## RAISONNEMENT

Cette activité de marche nocturne en milieu naturel vise principalement la découverte et l'observation directe de la vie animale active la nuit. Les enfants observent et écoutent les animaux nocturnes dans leur environnement naturel, développent une sensibilité à la biodiversité et aux écosystèmes, et prennent conscience de l'interdépendance des êtres vivants selon les cycles jour/nuit. L'activité favorise aussi une expérience immersive en nature et le développement d'attitudes respectueuses envers la faune. Elle s'inscrit donc dans les attendus de biodiversité/écosystèmes et de sensibilité à l'environnement naturel du Cycle 3.

=== Maîtriser l'art des ricochets guide pratique — C2 ===
## Raisonnement

Cette activité porte sur la maîtrise technique des ricochets de pierres à l'eau. Elle implique des apprentissages moteurs (lancer avec précision et contrôle), une observation et une compréhension de phénomènes physiques (angle de trajectoire, spin, rebond, résistance de l'eau), et une exploration de l'environnement naturel (choix de la pierre, observation de l'eau). Pour le Cycle 2, les attendus pertinents concernent principalement les aspects moteurs de l'EPS, l'observation et la compréhension des phénomènes physiques liés à la matière et au mouvement, ainsi que des éléments de langage oral favorisant l'explication et le partage d'expériences.

## Attendus scolaires travaillés

=== Maîtriser l'art des ricochets guide pratique — C3 ===
# RAISONNEMENT

L'activité « Maîtriser l'art des ricochets » est une activité pratique de lancer de pierres qui rebondissent sur l'eau. Elle repose sur des concepts de physique (mouvement, trajectoire, angles, gyroscope, rebond) et d'observation directe de phénomènes naturels. En Cycle 3, cette activité mobilise principalement des apprentissages du domaine **Sciences et technologie** autour du mouvement (description et caractérisation), et secondairement la **compétence transversale** de caractériser les interactions dans l'environnement proche. L'activité ne relève pas d'EDD au sens strict (pas d'enjeux environnementaux, de durabilité ou de conservation abordés), ni d'autres disciplines. Les attendus les plus pertinents concernent la description et la mesure du mouvement.

=== Mesure des arbres exercice pratique — C3 ===
# RAISONNEMENT

Cette activité pédagogique « Mesure des arbres - exercice pratique » est centrée sur l'acquisition de compétences scientifiques et mathématiques concrètes. Elle travaille principalement :

1. **Les mathématiques et la mesure** : L'activité développe systématiquement les capacités à utiliser des unités standardisées (ruler, mètre, mesure de circonférence, hauteur, ratios), à comparer des mesures et à utiliser les grandeurs géométriques (longueur, périmètre). Les élèves pratiquent des estimations, des mesures précises et des calculs.

2. **L'observation et l'analyse scientifique** : Les élèves observent les variations morphologiques des arbres (taille, forme, structure), mesurent différentes caractéristiques et analysent les différences de résultats pour comprendre les écarts de mesure. Cela relève de l'étude de la biodiversité et des caractéristiques observables du vivant.

3. **La gestion des ressources naturelles** : Le contexte est celui de la gestion forestière professionnelle (foresters, timber cruise). Les élèves comprennent comment et pourquoi on mesure les arbres pour des décisions de gestion durable des forêts.

Les attendus EDD sur la biodiversité, la gestion durable des ressources naturelles et l'investigation scientifique sont pertinents, mais l'activité reste très fortement ancrée dans les apprentissages disciplinaires (mathématiques et sciences). L'absence de dimension critique, d'action concrète ou de débat sur les enjeux éthiques limite le score EDD.

=== Mesure des arbres exercice pratique — C4 ===
# RAISONNEMENT

Cette activité pédagogique nature propose des exercices pratiques de mesure d'arbres combinant des approches directes (estimation et mesure du diamètre, de la hauteur, de la couronne) et des méthodes mathématiques (calculs de proportions, utilisation de rapports, comparaisons). Elle mobilise principalement des compétences de **mesure et d'estimation** (utilisation d'unités standard vs. unités non-standard), d'**observation comparée** (variation de taille, structure), et de **raisonnement proportionnel** (calculs de hauteur via ombres et rapports). L'activité demande également une **collecte, organisation et analyse de données** (création de graphiques, comparaison de résultats de groupe).

Cependant, le document fourni ne contient **aucune liste d'attendus scolaires du Cycle 4** à comparer. Sans le référentiel spécifique des attendus pour ce niveau, il est impossible de retenir des IDs valides.

=== Mesure et comparaison d'arbres exercice mathematique — C3 ===
## RAISONNEMENT

Cette activité pédagogique « Mesure et comparaison d'arbres » est fondamentalement centrée sur l'**exercice mathématique** : les élèves mesurent des caractéristiques physiques (hauteur, circonférence, dimensions de feuilles et graines) et effectuent des **calculs comparatifs** (ratios, proportions, divisions) pour comparer un arbre local avec le séquoia côtier et le cocotier. L'activité mobilise directement les attendus des **Mathématiques (Grandeurs et mesures)** : mesure, comparaison et utilisation d'instruments de mesure. Elle travaille aussi la **comparaison et le contraste** entre espèces végétales, ce qui relève des **Sciences et technologie (Biodiversité et classification)**. Les liens avec les stratégies reproductives des arbres offrent une ouverture scientifique, mais restent secondaires par rapport à l'objectif principal mathématique et au cadre mesure/comparaison.

## JSON

=== Mix entre poule renard vipère, béret et sumo — C3 ===
# Raisonnement

Cette activité est essentiellement un jeu moteur collectif combinant trois variantes (béret, queues, sumo) qui travaillent l'agilité, la rapidité et la coordination dans un système de triangulation compétitif. Les objectifs pédagogiques se concentrent fortement sur les **compétences EPS** (affrontement, organisation tactique, engagement moteur, respect des pairs et des règles) et sur l'**EMC** (respect d'autrui, acceptation du résultat). Il n'y a aucun lien direct avec des thématiques de développement durable, d'environnement ou de nature, bien que le déroulement se fasse en milieu extérieur.

=== Mix entre poule renard vipère, béret et sumo — C4 ===
# RAISONNEMENT

L'activité « Mix entre poule renard vipère, béret et sumo » est un jeu de poursuite dynamique qui combine trois variantes : une course au foulard (béret), une chasse aux queues et des affrontements en sumo accroupi. Elle sollicite avant tout des compétences motrices (agilité, rapidité, équilibre, coordination, saut, force contrôlée) et des capacités relationnelles (jeu en équipe, respect des règles, vigilance face aux adversaires). Cependant, le referentiel fourni pour le Cycle 4 est **vide** : aucun attendu n'y est listé.

En l'absence d'attendus disponibles dans le referentiel, il est impossible de sélectionner des correspondances pertinentes.

# JSON

=== Modeliser la vie hivernale d'un etang — C2 ===
## RAISONNEMENT

Cette activité invite les enfants à construire une maquette physique d'un étang en hiver, en utilisant des figurines d'animaux et des glaçons pour modéliser le comportement de la glace et les adaptations hivernales de la faune aquatique. L'activité travaille principalement des apprentissages sur les caractéristiques du monde vivant (hibernation, adaptation saisonnière), les changements d'état de la matière (flottabilité de la glace, propriétés de l'eau froide), et la modélisation comme démarche scientifique. Elle développe aussi la capacité à observer, questionner et représenter un écosystème.

=== Modeliser la vie hivernale d'un etang — C3 ===
## RAISONNEMENT

Cette activité fait construire aux élèves un modèle physique d'un étang en hiver, en utilisant des matériaux concrets (eau, glaçons, figurines d'animaux). L'activité travaille principalement la compréhension des écosystèmes aquatiques hivernaux et des adaptations des organismes vivants face aux changements saisonniers. Elle mobilise aussi des concepts scientifiques sur les propriétés physiques de l'eau (flottabilité de la glace) et encourage l'observation, le questionnement et le raisonnement sur les comportements animaux (hibernation, localisation spatiale des espèces).

Les attendus les plus pertinents concernent donc la description et la caractérisation d'écosystèmes, la biodiversité aquatique, la compréhension des cycles de vie et adaptations des animaux, ainsi que la capacité à analyser un phénomène naturel par la modélisation.

=== Modélisation des transformations des lacs par l'expérimentation — C2 ===
## Raisonnement

Cette activité propose deux expériences de modélisation de transformations de lacs : la première simule le comblement progressif d'un lac par les sédiments (processus naturel d'évolution), la seconde modélise un lac en hiver avec des animaux hibernants sous une couche de glace flottante. L'activité repose sur l'observation, l'enregistrement d'observations dans un journal scientifique et la réflexion sur les mécanismes de transformation des écosystèmes aquatiques. Elle mobilise principalement des attendus disciplinaires liés à l'identification des états de la matière et aux changements d'état (évaporation, absorption), aux caractéristiques du monde vivant (comportements de hibernation), et aux processus de modélisation scientifique. Sur le plan EDD, elle aborde indirectement les impacts des transformations environnementales sur les écosystèmes aquatiques.

## Attendus retenus

=== Modélisation des transformations des lacs par l'expérimentation — C3 ===
## RAISONNEMENT

Cette activité propose deux expérimentations complémentaires pour modéliser les transformations des lacs : (1) la sédimentation et le comblement d'un lac par accumulation de matériaux naturels, et (2) le comportement de la glace et la vie hivernale dans les milieux aquatiques. Par la manipulation directe et l'observation, les élèves explorent des processus géomorphologiques et écologiques. L'activité mobilise principalement des attendus en sciences (cycle de l'eau, écosystèmes aquatiques, matière et changements), et secondairement en EDD sur la préservation des milieux (biodiversité, gestion des écosystèmes).

## JSON

=== Modélisation des transformations des lacs par l'expérimentation — C4 ===
## RAISONNEMENT

Cette activité de modélisation des transformations de lacs repose sur deux expérimentations concrètes : (1) la simulation de l'envasement progressif d'un lac par l'ajout de sédiments, et (2) la modélisation d'un lac en hiver avec glace flottante et faune hibernante. L'activité développe des compétences d'observation, d'expérimentation et de compréhension des processus géomorphologiques et écologiques. Cependant, le document fourni ne contient **aucune liste d'attendus scolaires disponibles pour le Cycle 4** — seul l'en-tête "=== ATTENDUS SCOLAIRES DISPONIBLES (Cycle 4) ===" est présent, suivi d'une section vide. Sans référentiel d'attendus à croiser, il est impossible de procéder à une sélection pertinente.

## JSON

=== Montages pratiques pour explorer les énergies renouvelables — C3 ===
## RAISONNEMENT

Cette activité propose des montages pratiques pour explorer trois formes d'énergies renouvelables (solaire, éolienne, hydroélectrique). Les élèves fabriquent des dispositifs fonctionnels (turbine, hélice, four solaire) et les testent, ce qui relève directement de l'identification des formes d'énergie et de la compréhension des principes de conversion énergétique. L'activité s'inscrit aussi dans une démarche technologique (fabrication d'objets répondant à un besoin : exploiter des ressources naturelles). Elle touche à la gestion durable des ressources naturelles via la découverte des énergies renouvelables comme alternatives aux énergies fossiles.

## SÉLECTION DES ATTENDUS

=== Montages pratiques pour explorer les énergies renouvelables — C4 ===
## RAISONNEMENT

Cette activité propose des montages pratiques pour explorer trois sources d'énergies renouvelables (eau, vent, soleil) à travers la fabrication et le test d'appareils concrets (turbine, hélice, four solaire). Elle combine manipulation, observation et compréhension des principes physiques des énergies renouvelables. Cependant, le document fourni ne contient **aucun attendu scolaire disponible** pour le Cycle 4 – la section "ATTENDUS SCOLAIRES DISPONIBLES (Cycle 4)" est vide. Sans référentiel d'attendus à consulter, il est impossible de procéder à une sélection pertinente.

## JSON

=== Montrer la gélifraction avec un oeuf — C2 ===
# Raisonnement

L'activité « Montrer la gélifraction avec un œuf » est une expérience de sciences naturelles qui vise à démontrer un phénomène physique : la dilatation de l'eau lors du passage à l'état solide et ses effets destructeurs sur les matériaux (ici, la coquille de l'œuf, en analogie avec les roches). Cette activité relève principalement de l'étude des **changements d'états de la matière** (transition liquide-solide) et de l'observation expérimentale. Elle s'inscrit aussi dans une démarche de compréhension des **interactions entre les phénomènes naturels et l'environnement**. Les attendus retenus sont ceux qui correspondent à l'identification des états de la matière et aux changements d'états, ainsi qu'à la compréhension des processus naturels affectant l'environnement (roches, paysages).

=== Montrer la gélifraction avec un oeuf — C3 ===
## RAISONNEMENT

L'activité « Montrer la gélifraction avec un œuf » est une expérience de démonstration scientifique qui illustre un phénomène géologique : l'expansion de l'eau lors de sa congélation et ses conséquences sur les matériaux poreux (roches, coquille d'œuf). L'enfant observe directement comment le froid provoque la dilatation et la fracture, puis transfère cette compréhension à un phénomène naturel (altération des roches en hiver). Cette activité mobilise principalement des attendus en **Sciences et technologie** relatifs à la matière, ses transformations et les phénomènes terrestres, ainsi qu'une démarche d'**investigation scientifique** caractéristique de la pédagogie de la nature.

## JSON

=== Montrer la gélifraction avec un oeuf — C4 ===
# RAISONNEMENT

Cette activité « Montrer la gélifraction avec un œuf » illustre concrètement un processus géologique majeur : la désagrégation des roches par le cycle gel-dégel. L'activité démontre d'abord le phénomène physique (expansion de l'eau qui gèle) à travers un modèle expérimental accessible (l'œuf), puis établit un lien explicite avec l'altération naturelle des roches en milieu hivernal. C'est une activité qui combine observation directe d'un changement d'état, compréhension d'un phénomène de physique appliquée, et application à un processus d'altération géomorphologique. Elle mobilise principalement des attendus relatifs aux transformations de la matière et aux dynamiques terrestres.

Cependant, **aucun attendu spécifique n'a été fourni dans le référentiel disponible pour le Cycle 4**. La liste des attendus était vide. Il n'est donc pas possible de sélectionner des IDs existants.

=== Mural d'ecologie pour comprendre l'interdependance en foret — C2 ===
## RAISONNEMENT

Cette activité se concentre sur la compréhension de l'**interdépendance des éléments d'un écosystème forestier** par le biais d'une réflexion collective et d'une création artistique murale. L'activité travaille principalement deux dimensions : (1) la comprehension des interactions et des relations entre les organismes vivants d'un écosystème, et (2) la réalisation collective d'une production plastique. Les attendus sélectionnés correspondent directement à ces deux axes : la découverte des caractéristiques du monde vivant et de ses interactions (disciplinaire), et la sensibilité aux incidences de son comportement sur la biodiversité et la compréhension des écosystèmes (EDD).

=== Mural d'ecologie pour comprendre l'interdependance en foret — C3 ===
## RAISONNEMENT

Cette activité pedagogique porte sur la comprehension de l'interdependance au sein d'un ecosysteme forestier. Les enfants identifient les différents éléments de la forêt (animaux, plantes, sol, eau, micro-organismes, champignons) et explorent comment ils sont interreliés et dépendants les uns des autres. La création collective d'une murale permet de visualiser et représenter ces interactions systémiques. Cela correspond directement aux attendus de sciences (ecosystemes) et d'EDD (biodiversité et ecosystemes) qui visent à décrire les interactions dans un ecosysteme et comprendre l'interdependance du vivant. L'approche artistique (création de la murale) mobilise aussi les compétences en arts plastiques.

## JSON

=== Naturalistes en herbe observation des milieux naturels — C3 ===
## RAISONNEMENT

Cette activité de découverte des milieux naturels invite les jeunes à observer directement trois écosystèmes distincts (milieu ouvert, forêt, ruisseau) en collectant des données sur les paramètres biotiques (flore, faune) et abiotiques (température, sol, lumière, humidité). L'activité mobilise une démarche d'observation comparative et scientifique. Elle correspond fortement aux attendus en Sciences et technologie relatifs à la description et caractérisation des écosystèmes, ainsi qu'aux attendus EDD sur la biodiversité, qui requièrent une connaissance directe des milieux naturels. Les compétences transversales de description et d'extraction d'informations sont également travaillées lors de la restitution comparative.

## JSON

=== Observation de la communaute et presentation creative — C2 ===
## RAISONNEMENT

L'activité « Observation de la communauté et présentation créative » (People, Places, Things) invite les élèves à observer leur quartier, identifier les lieux, les personnes et les équipements qui composent leur communauté, puis à en créer une représentation originale (affiche, collage, carte, vidéo, etc.). Cela mobilise principalement des compétences en **observation et classement** du monde social proche, ainsi qu'en **expression créative et artistique**. L'accent porte sur la découverte de l'organisation de l'espace communautaire et l'interdépendance des personnes et services, sans dimension écologique ou environnementale marquée. Les attendus les plus pertinents concernent donc : la description du monde organisé (disciplinaire – Questionner le monde), l'expression et la création artistique (Arts plastiques), et les échanges oraux pour partager les observations (Français).

## RÉSULTAT

=== Observation de la communaute et presentation creative — C3 ===
## RAISONNEMENT

Cette activité "Observation de la communauté et présentation créative" guide les enfants à explorer leur environnement local en identifiant les lieux, les personnes et les objets qui constituent leur communauté, puis à créer des présentations originales (affiches, collages, vidéos, etc.) pour en rendre compte. Les apprentissages mobilisent l'observation directe du territoire, la classification des espaces selon leurs fonctions (lieux de vie, de travail, de loisir), ainsi que la réflexion sur l'interdépendance des habitants et des infrastructures. Bien que l'activité soit centrée sur la communauté humaine et l'aménagement local, elle touche à plusieurs domaines : elle aborde l'organisation et l'habiter du territoire, la représentation créative et graphique, ainsi que certaines compétences transversales en géographie et expression orale/créative.

Les attendus retenus correspondent à l'aménagement durable des territoires (représentation d'environnements, réflexion sur le "bien-vivre en ville"), aux compétences transversales d'Histoire-Géographie (localisation, description d'espaces, représentations graphiques) et aux compétences en Arts plastiques et expression orale (création, justification de choix, présentation).

=== Observation de la lune, ombres et créativité nocturne — C1 ===
## RAISONNEMENT

Cette activité « Observation de la lune, ombres et créativité nocturne » combine trois composantes pédagogiques majeures : l'observation sensorielle du phénomène lunaire et des ombres, l'exploration créative par le jeu et le mouvement du corps (créer des ombres, jouer au clair de lune), et le développement du langage descriptif (lister les objets visibles, décrire les détails de surface, imaginer des aventures d'animaux nocturnes). 

Les attendus retenus concernent : la capacité à formuler des questions et des observations sur des phénomènes naturels (lumière, ombres, phases lunaires), à décrire ce qui est observé, à s'exprimer oralement et créativement, à situer des événements dans le temps (suivi des nuits successives, différences de lever lunaire), et à se déplacer de façon adaptée dans un environnement naturel varié. L'activité ne cible pas directement l'EDD mais mobilise fortement les compétences de langage oral, d'exploration du monde et d'activités artistiques/créatives.

=== Observation de la lune, ombres et créativité nocturne — C2 ===
## RAISONNEMENT

Cette activité combine observation scientifique du phénomène lunaire, exploration sensorielle de l'environnement nocturne, et créativité ludique autour des ombres. Elle travaille principalement la compréhension des phénomènes physiques (réflexion de la lumière, ombres), l'observation directe de la nature, l'expression orale et imaginative, ainsi que des notions temporelles (cycle lunaire, suivi des variations). Les attendus pertinents concernent l'observation de la matière et des phénomènes lumineux, la description orale d'observations, et l'exercice de l'imagination créative.

## JSON

=== Observation de la lune, ombres et créativité nocturne — C3 ===
## Raisonnement

Cette activité pédagogique « Observation de la lune, ombres et créativité nocturne » combine trois dimensions clés : l'observation scientifique des phénomènes lumineux (lune, reflet, ombres), l'exploration sensorielle et créative en milieu naturel la nuit, et une connexion aux savoirs culturels (noms traditionnels des lunes). L'attendu le plus pertinent est **id=781** qui traite spécifiquement de l'interprétation de la formation des ombres dans le contexte du système Soleil-Terre-Lune, ce qui correspond directement aux activités « moon shadows » et aux observations optiques proposées. Les dimensions artistiques et créatives (créer ses propres ombres avec son corps, jeux nocturnes, nommage créatif des lunes) correspondent à l'attendu **id=758** relatif aux productions plastiques et créatives. L'activité suscite aussi une curiosité scientifique et une exploration sensible du vivant nocturne (animaux nocturnes, observation détaillée), sans pour autant entrer dans les attendus EDD spécifiques liés à la durabilité ou à l'écosystème.

=== Observation des vers de terre expérience manuelle — C2 ===
## RAISONNEMENT

Cette activité propose une observation directe et manuelle du comportement des vers de terre à travers la création d'un "wormery" (vivarium pédagogique). L'élève construit le dispositif, introduit les vers, et observe sur plusieurs jours comment ils creusent des tunnels et modifient les couches de sol et de sable. Le document insiste sur la nécessité de faire des dessins de suivi pour enregistrer les actions des vers. Cette activité travaille principalement : (1) la connaissance des caractéristiques du monde vivant et les interactions des organismes avec leur environnement ; (2) l'observation directe d'un phénomène naturel et le rôle écologique fondamental des vers de terre dans la formation et la qualité des sols.

## JSON

=== Observation des vers de terre expérience manuelle — C3 ===
# Raisonnement

Cette activité proposée consiste à construire un vivarium (wormery) contenant des vers de terre, puis à observer visuellement leurs comportements de creusage et de bioturbation à travers les couches de sable et sol alternées. L'enfant remplit un rôle d'observateur empirique du vivant : il construit un écosystème simplifié, place des organismes vivants dedans, les nourrit, les arrose, et enregistre par le dessin les traces de leurs actions sur plusieurs jours. Cette démarche d'observation directe et de documentation graphique du comportement animal mobilise deux attendus majeurs : d'une part la caractérisation du vivant et des interactions écosystémiques (sciences), et d'autre part la prise de conscience du rôle crucial des vers dans l'écosystème du sol et la biodiversité (EDD).

=== Observation du vent en extérieur et jeu imaginatif — C1 ===
## RAISONNEMENT

Cette activité d'observation du vent en extérieur et jeu imaginatif travaille principalement trois domaines : l'exploration sensorielle et la compréhension des phénomènes naturels (identification des caractéristiques du vent et de ses effets), le développement du langage oral à travers le jeu imaginatif (narration et description des trajets du vent), et la mobilisation de l'activité physique (mouvements corporels imitant le vent). L'observation directe de phénomènes météorologiques et l'imagination collective sur les origines et parcours du vent répondent aux attendus d'exploration du monde vivant et de stimulation de l'expression orale imaginative.

=== Observation du vent en extérieur et jeu imaginatif — C2 ===
## RAISONNEMENT

Cette activité combine l'observation directe d'un phénomène météorologique (le vent) avec un jeu imaginatif. Les enfants observent les effets du vent en extérieur (mouvements des feuilles, branches, vêtements), identifient ses caractéristiques (direction, intensité, température), et ensuite imaginent collectivement l'origine et le trajet du vent. Cela développe principalement la curiosité sur l'environnement naturel, l'observation sensible de phénomènes météorologiques, et l'expression de la sensibilité par l'imaginaire. Les attendus retenus correspondent à ces trois dimensions : sensibilité à l'environnement, compréhension d'un phénomène naturel visible, et expression créative/imaginative.

=== Observation du vent en extérieur et jeu imaginatif — C3 ===
## RAISONNEMENT

Cette activité combine observation scientifique du vent en extérieur et jeu imaginatif. Elle travaille principalement la compréhension d'un phénomène météorologique (le vent comme déplacement d'air), l'observation des effets du vent sur l'environnement, et le développement de la curiosité sur les cycles naturels. L'activité stimule aussi l'imagination en invitant les enfants à imaginer les trajets et origines du vent. Elle relève davantage de la sensibilisation météorologique et climatique que d'une investigation scientifique approfondie, et ne comporte pas d'éléments traitant l'alimentation, l'eau, l'énergie ou les ressources.

Les attendus les plus pertinents concernent la compréhension du climat et de la météorologie, la caractérisation des conditions terrestres, et le développement de la curiosité pour l'environnement à travers l'observation de phénomènes naturels.

=== Observation et description d'un arbre avec journal — C1 ===
## RAISONNEMENT

Cette activité "Observation et description d'un arbre avec journal" place les enfants du Cycle 1 en situation d'observation sensorielle directe d'un arbre (regard, toucher, odorat) et de documentation de ces observations dans un journal. Les éléments clés sont : l'exploration multisensorielle, la description verbale et graphique, l'observation répétée dans le temps, et la prise de conscience que l'arbre est un être vivant ayant des besoins.

Les attendus disciplinaires les plus pertinents concernent l'exploration du monde vivant (reconnaissance des caractéristiques des êtres vivants, besoins essentiels des végétaux) et la mobilisation du langage (description, dessin, expression orale). L'attendu EDD sur la biodiversité et l'observation formelle des caractéristiques des êtres vivants et leurs interactions correspond aussi directement. La dimension artistique (dessin, représentation) et temporelle (changements saisonniers) sont aussi travaillées.

=== Observation et description d'un arbre avec journal — C2 ===
## RAISONNEMENT

Cette activité pédagogique demande aux élèves d'observer un arbre sur une période prolongée, de le décrire en utilisant tous leurs sens, et de tenir un journal documentant leurs observations. L'activité développe essentiellement la capacité à **observer et décrire le vivant** (caractéristiques morphologiques, changements saisonniers, interactions avec les animaux), travaille les **compétences d'expression écrite et de dessin** (rédaction, sketches, paragraphes descriptifs), et sensibilise à la **biodiversité et aux cycles de vie** du vivant. Les attendus qui correspondent vraiment concernent l'identification des caractéristiques du monde vivant, la description d'observations naturelles, l'expression orale et écrite, ainsi que la sensibilité aux incidences du comportement sur l'environnement.

---

=== Observation et description d'un arbre avec journal — C3 ===
## RAISONNEMENT

L'activité "Observation et description d'un arbre avec journal" au Cycle 3 repose sur l'observation sensorielle et la description détaillée d'un arbre, documentée via un journal. Les éléments clés sont : (1) l'observation multisensorielle d'un arbre individuel (vue, toucher, odorat), (2) la documentation des caractéristiques morphologiques et des changements saisonniers, (3) l'établissement de relations entre l'arbre et les organismes associés (animaux), et (4) les questions de santé et d'interdépendance écologique. 

Sur le plan disciplinaire, l'activité mobilise fortement la description scientifique, l'observation structurée et le vocabulaire spécifique en sciences. Elle travaille aussi l'expression écrite (journal) et les productions visuelles (dessins, rubbings). Sur le plan EDD, elle aborde la biodiversité, l'écosystème et la reconnaissance de l'arbre comme élément du vivant à préserver, sans cependant développer d'action concrète de transformation ni de problématiques globales de ressources.

## JSON

=== Observation et description des habitats arboricoles — C1 ===
# Raisonnement

L'activité "Observation et description des habitats arboricoles" est une activité d'observation directe en nature centrée sur l'inventaire des plantes et animaux vivant dans, sur et autour des arbres. Pour le Cycle 1 (3-6 ans), les attendus pertinents concernent principalement : (1) la prise de conscience de la diversité du vivant et des interactions entre organismes (domaine Biodiversité et écosystèmes), (2) l'observation et la description du vivant (domaine disciplinaire Vivant), et (3) le développement des compétences langagières et d'expression lors de la verbalisation des observations. L'activité ne cible pas directement les domaines relatifs à l'alimentation, l'eau, les emballages ou le numérique.

=== Observation et description des habitats arboricoles — C2 ===
# Raisonnement

L'activité "Observation et description des habitats arboricoles" (Trees as Habitats) propose aux élèves du Cycle 2 d'observer et d'inventorier les plantes et animaux vivant dans, sur et autour des arbres. Elle vise à faire découvrir les interdépendances entre les organismes et le rôle de l'arbre comme habitat. Les objectifs explicites portent sur : (1) décrire comment les animaux et plantes dépendent des arbres pour leur survie ; (2) identifier les interrelations entre les organismes utilisant un arbre. Cela correspond directement aux attendus travaillant la biodiversité, les écosystèmes et les interactions entre vivants. L'activité mobilise aussi l'observation, la description et l'organisation d'informations (compétences disciplinaires en français et sciences).

=== Observation et description des habitats arboricoles — C3 ===
## RAISONNEMENT

Cette activité pédagogique "Observation et description des habitats arboricoles" (Trees as Habitats) invite les élèves à observer directement les organismes vivants dans, sur et autour des arbres, à identifier les interrelations écologiques, et à comprendre comment les plantes et animaux dépendent des arbres pour leur survie. L'activité met l'accent sur l'observation de la biodiversité, la description des écosystèmes, les interactions entre organismes, et l'organisation des données collectées. Elle développe aussi l'esprit critique concernant les bénéfices et impacts mutuels entre les arbres et les organismes qu'ils abritent.

Les attendus les plus pertinents appartiennent au domaine "Biodiversité et écosystèmes" et aux compétences disciplinaires en Sciences et technologie, notamment sur la description des écosystèmes, les réseaux trophiques, et la caractérisation de la biodiversité.

=== Observation et dessin de la decomposition des troncs — C3 ===
# RAISONNEMENT

Cette activité « Observation et dessin de la décomposition des troncs » (intitulée « The Fallen Log ») fait observer et dessiner des logs en décomposition pour identifier les organismes qui y vivent et comprendre le processus de décomposition. Les attendus qui correspondent directement sont ceux relatifs aux écosystèmes, à la biodiversité, aux chaînes alimentaires et à l'observation scientifique. L'activité mobilise aussi des compétences en sciences (description d'un écosystème, interaction des êtres vivants, cycles de nutriments) et en arts (observation et représentation graphique). Sont pertinents les attendus qui demandent de décrire un écosystème, de mettre en évidence les réseaux trophiques, de caractériser la diversité du vivant et d'observer/représenter pour apprendre.

=== Observation et dessin de la decomposition des troncs — C4 ===
# Raisonnement

Le document fourni est intitulé "The Fallen Log" (Le Tronc Tombé) et constitue une activité pédagogique d'observation et de dessin de la décomposition des troncs. Cependant, **aucun référentiel d'attendus scolaires n'a été fourni** dans la section "=== ATTENDUS SCOLAIRES DISPONIBLES (Cycle 4) ===" qui apparaît vide. 

Sans liste d'attendus disponibles à sélectionner, il m'est impossible d'identifier et de proposer des IDs d'attendus pertinents, même si l'activité elle-même travaille clairement des compétences scientifiques comme l'observation, l'inférence, l'analyse de chaînes alimentaires et la compréhension des processus de décomposition et d'interdépendance écologique.

# Résultat

=== Observation et experience sur la communication des fourmis — C2 ===
## RAISONNEMENT

Cette activité propose une observation directe et une expérience pratique sur le comportement des fourmis, spécifiquement sur leur communication chimique via les phéromones (pistes olfactives). Les enfants observent les caractéristiques du monde vivant (morphologie des insectes, comportement alimentaire), découvrent les interactions sociales au sein d'une colonie, et menent une démarche d'investigation simple (poser une question, mettre en place un protocole, observer les résultats, conclure). Le cœur pédagogique porte sur la connaissance du vivant et ses interactions, ce qui correspond directement aux attendus disciplinaires en sciences du vivant et aux objectifs généraux de curiosité et compréhension des êtres vivants.

## JSON

=== Observation et experience sur la communication des fourmis — C3 ===
## RAISONNEMENT

L'activité « Observation et expérience sur la communication des fourmis » est une démarche pratique d'observation directe en milieu naturel et d'expérimentation. Elle permet aux élèves de Cycle 3 d'observer le comportement des fourmis (recherche de nourriture, utilisation de pistes olfactives, communication chimique) et de comprendre comment elles communiquent. L'expérience du retrait des bâtons force les enfants à constater comment les fourmis dépendent de leurs pistes de phéromones. Cette activité relève principalement de la **biodiversité, des écosystèmes et du vivant** (caractérisation des êtres vivants, observation directe), et développe une **approche scientifique par l'observation et l'expérimentation**. Elle sensibilise aussi à la préservation du vivant en milieu naturel et à la découverte des interactions des organismes.

## JSON

=== Observation et experience sur la communication des fourmis — C4 ===
## RAISONNEMENT

Le document décrit une activité d'observation et d'expérimentation sur les fourmis, centrée sur leur communication chimique par phéromones (pistes de scent). L'activité combine observation directe en milieu naturel (localiser une fourmilière, suivre les pistes) et une expérience pratique (créer un enclos avec nourriture, observer le comportement collectif, puis perturber la piste pour en comprendre l'importance). Le contenu aborde également la morphologie et la biologie des fourmis (antennes, structure du corps, comportement de recherche de nourriture, organisation coloniale). Cependant, **aucun référentiel d'attendus scolaires n'a été fourni** dans la section "ATTENDUS SCOLAIRES DISPONIBLES (Cycle 4)", qui est vide. Sans liste d'attendus disponibles pour le Cycle 4, il est impossible de procéder à un appariement fiable et spécifique.

## JSON

=== Observation et experience sur le comportement des fourmis — C2 ===
## RAISONNEMENT

Cette activité pédagogique se concentre sur l'observation et l'expérimentation du comportement des fourmis, notamment leur capacité à communiquer via les phéromones, à s'organiser collectivement et à chercher la nourriture. Elle propose une démarche d'investigation concrète (perturber la piste chimique avec le doigt) pour démontrer comment les fourmis fonctionnent en tant qu'organisme collectif. Les attendus retenus correspondent précisément à : la connaissance des caractéristiques du vivant et ses interactions (id=648), l'observation des comportements d'animaux en situation réelle (id=648), ainsi que la sensibilité aux incidences de notre comportement sur le vivant (id=573, 575), puisque l'expérience nous rend curieux et respectueux envers ces créatures. L'aspect "démarche d'investigation" est aussi présent mais secondaire et ne figure pas de manière saillante dans le document fourni.

=== Observation et experience sur le comportement des fourmis — C3 ===
## RAISONNEMENT

Cette activité d'observation et d'expérience sur le comportement des fourmis s'inscrit directement dans l'étude des organismes vivants et de leurs interactions. Elle permet aux élèves d'observer concrètement des caractéristiques du vivant (morphologie, comportement de recherche alimentaire, communication chimique) et de comprendre l'organisation sociale et les interdépendances au sein d'une colonie. L'expérience proposée (perturber la piste de phéromones) constitue une démarche d'investigation pratique qui renforce la compréhension des mécanismes comportementaux. Cette activité relève principalement de la biodiversité, de la classification et des écosystèmes en sciences.

=== Observation et experience sur le comportement des fourmis — C4 ===
## RAISONNEMENT

Le document présente une activité d'observation et d'expérimentation sur le comportement des fourmis, centrée sur la communication chimique (phéromones) et le foraging. L'activité propose une expérience directe : perturber la piste olfactive pour démontrer que les fourmis suivent une odeur et non un simple apprentissage visual. Cela engage l'observation directe du vivant, la formulation d'hypothèses sur les mécanismes comportementaux, et l'expérimentation contrôlée. Cependant, **aucun attendu du Cycle 4 n'a été fourni dans le référentiel disponible** – la liste des attendus scolaires est vide.

## JSON

=== Observation et experience sur les vers de terre — C3 ===
## Raisonnement

Cette activité pédagogique combine observation directe et expériences pratiques sur les vers de terre. Elle travaille principalement l'étude de la biologie et du comportement des organismes vivants (sensibilité à la lumière, au toucher, aux vibrations), ainsi que la compréhension de leur rôle écologique (tunnelage du sol, alimentation). L'activité englobe aussi une dimension de care envers les organismes capturés et une prise de conscience de l'écosystème souterrain. Cependant, elle ne s'inscrit pas dans une démarche d'éducation à la biodiversité durable, de préservation d'écosystèmes ou de gestion des ressources au sens large. Elle reste centrée sur la découverte scientifique du vivant et le sensorialisme.

## Attendus scolaires identifiés

=== Observation et experience sur les vers de terre — C4 ===
# RAISONNEMENT

Le document présente une activité d'observation et d'expérience pratiques sur les vers de terre combinant deux approches : la capture nocturne de vers et des tests expérimentaux sur leurs sens (réaction à la lumière, aux vibrations, au toucher). L'activité inclut aussi une technique de "worm-fiddling" générant des vibrations pour faire remonter les vers.

Cependant, le document fourni ne contient **aucune liste d'attendus scolaires disponibles pour le Cycle 4**. La section "ATTENDUS SCOLAIRES DISPONIBLES (Cycle 4)" est vide dans les instructions reçues. Sans ce référentiel, il est impossible d'identifier et de sélectionner les attendus pertinents selon la règle stricte imposée : "Ne propose que des IDs qui existent dans le referentiel fourni."

# RÉPONSE

=== Observation et mime des animaux en hiver — C1 ===
## RAISONNEMENT

L'activité « Observation et mime des animaux en hiver » combine deux composantes pédagogiques : d'abord l'**observation directe** d'animaux en hiver (écureuils, dindes, cerfs, petits oiseaux, canards, oies) dans leur environnement naturel avec la neige et la glace, puis le **mime corporel** où les enfants reproduisent les mouvements caractéristiques de ces animaux. 

Cette activité travaille principalement :
- L'**observation du vivant** et la compréhension de comment les animaux s'adaptent à l'hiver (caractéristiques et comportements)
- L'**expression corporelle et le mime** (mouvements, coordination, créativité)
- La **découverte des changements saisonniers** et de leurs impacts sur la faune
- Le **langage** pour décrire les mouvements et caractéristiques observées

## JSON

=== Observation et mime des animaux en hiver — C2 ===
## RAISONNEMENT

Cette activité combine l'observation directe d'animaux hivernaux et le mime corporel de leurs déplacements dans la neige. Elle travaille principalement la connaissance des caractéristiques du monde vivant (adaptations hivernales, comportements des animaux), l'expression corporelle par le mime, et stimule l'exercice physique créatif. Les attendus disciplinaires en EPS (mime/expression artistique) et "Questionner le monde" (vivant et comportements) sont directement mobilisés, tandis que l'EDD sur la biodiversité peut être impliquée si l'activité valorise l'observation respectueuse de la faune.

## JSON

=== Observation et mime des animaux en hiver — C3 ===
## RAISONNEMENT

L'activité « Observation et mime des animaux en hiver » combine deux démarches : d'abord l'observation directe des animaux hivernaux (écureuils, dindons, cerfs, oiseaux, canards, oies) dans leur environnement enneigé, puis la reproduction par pantomime des mouvements caractéristiques de ces animaux. Elle travaille principalement la biodiversité (caractéristiques spécifiques des animaux et leurs adaptations au contexte hivernal), associée à une dimension motrice et corporelle (mime/expression physique). Elle favorise aussi la compréhension des interactions entre les animaux et leur environnement (neige, glace, terrain) en contexte saisonnier.

Les attendus pertinents sont donc ceux relatifs à la biodiversité (observation et caractérisation des organismes vivants), aux écosystèmes et à l'adaptation, complétés par les attendus d'expression corporelle (EPS).

=== Observation interactive des scarabées sauteurs — C1 ===
## RAISONNEMENT

Cette activité proposée au Cycle 1 (3-6 ans) consiste à observer de manière interactive trois petits animaux (scarabées sauteurs/click beetles, harvestmen, pill bugs) dans leur milieu naturel et à les manipuler doucement pour observer leurs comportements acrobatiques particuliers. 

Les attendus pertinents concernent principalement : (1) l'observation directe des caractéristiques et comportements des êtres vivants pour identifier leur diversité et comprendre quelques interactions avec l'environnement ; (2) la prise de conscience émotionnelle positive au contact de la biodiversité et de ses bienfaits pour le bien-être ; (3) l'adoption d'une attitude responsable et respectueuse envers les créatures vivantes. L'activité souligne explicitement l'importance de la bienveillance envers les animaux et du respect du vivant.

Les attendus liés à l'alimentation, à l'eau, aux ressources naturelles, aux constructions humaines ou au numérique ne correspondent pas à cette activité centrée sur l'observation comportementale et émotionnelle.

=== Observation interactive des scarabées sauteurs — C2 ===
## Raisonnement

Cette activité propose l'observation interactive de trois petits arthropodes (scarabée sauteur/click beetle, faucheux/harvestman, cloporte/pill bug) trouvés dans les bois pourris. L'activité repose essentiellement sur l'observation directe de leurs comportements et caractéristiques morphologiques (sauts du scarabée, chute contrôlée du faucheux, enroulement du cloporte), ainsi que sur la manipulation douce et responsable de ces organismes vivants.

Les attendus pertinents correspondent à : la connaissance des caractéristiques du monde vivant et de sa diversité (id=648), la sensibilité au comportement responsable envers les créatures vivantes et l'environnement (id=573, id=575, id=577), et le langage oral pour décrire et communiquer les observations (id=605, id=606). L'accent mis sur le respect et la gentillesse envers les créatures (mentionné explicitement à la fin) aligne l'activité avec l'éducation au développement durable concernant la préservation de la biodiversité et les écogestes.

=== Observation interactive des scarabées sauteurs — C3 ===
## RAISONNEMENT

Cette activité propose l'observation interactive et directe de trois petits arthropodes (coléoptères sauteurs, faucheux et cloportes) dans leur habitat naturel (bois pourris, terrariums). L'accent porte sur l'observation de comportements naturels, la description morphologique, l'identification des espèces, et surtout le respect des créatures vivantes. Les attendus pertinents concernent principalement la caractérisation de la biodiversité (description, classification, reconnaissance des organismes), l'établissement de liens de parenté entre espèces (spiders vs harvestmen, pill bug vs sow bug), et l'adoption d'une attitude respectueuse envers les êtres vivants lors de manipulations. Les aspects liés à la préservation consciente de la biodiversité et à l'éthique du bien commun sont également présents.

## JSON

=== Observation nocturne des insectes à l'aide d'un appât — C2 ===
## Raisonnement

Cette activité consiste à préparer un appât sucré et à l'utiliser pour attirer et observer les insectes nocturnes en action. L'activité met directement l'accent sur l'**observation des comportements des insectes** (utilisation de l'odorat pour trouver la nourriture) et sur la **compréhension des relations alimentaires** : les insectes sont attirés par l'odeur du sucre, ce qui illustre leur régime alimentaire et leurs besoins nutritionnels. L'observation in situ de créatures vivantes dans leur environnement naturel la nuit correspond également à une **sensibilisation à la biodiversité** et aux interactions entre les organismes et leur habitat. Les attendus les plus pertinents concernent donc la connaissance du vivant (caractéristiques et comportements des insectes), l'investigation sur le régime alimentaire, et la sensibilité à la biodiversité.

=== Observation nocturne des insectes à l'aide d'un appât — C3 ===
## Raisonnement

Cette activité consiste à observer des insectes nocturnes en utilisant un appât sucré. Elle travaille directement la **caractérisation de la biodiversité et la compréhension des interactions écologiques** : les élèves découvrent comment les insectes utilisent leur odorat pour trouver leur nourriture, observent la diversité des espèces actives la nuit, et comprennent un élément du fonctionnement des écosystèmes (relation entre stimulus sensoriel et comportement de recherche alimentaire). L'activité implique aussi une **démarche d'investigation pratique et l'observation directe de la nature**, ce qui correspond aux attendus de sciences expérimentales. Aucun attendu d'EDD forte n'est clairement mobilisé (pas de gestion de ressources, pas de durabilité, pas d'action collective), et les disciplines disciplinaires autres que sciences ne sont pas engagées de manière significative.

=== Observation nocturne des insectes à l'aide d'un appât — C4 ===
## RAISONNEMENT

Le document fourni ne contient aucune liste d'attendus scolaires pour le Cycle 4. La section "=== ATTENDUS SCOLAIRES DISPONIBLES (Cycle 4) ===" est vide. Sans référentiel d'attendus à disposition, il est impossible de sélectionner des correspondances pertinentes. L'activité elle-même est bien documentée (observation nocturne d'insectes attirés par un appât sucré), mais sans les attendus du programme de référence, aucune sélection ne peut être effectuée de manière fiable.

## JSON

=== Observation sensorielle du printemps et jeu corporel — C1 ===
## RAISONNEMENT

Cette activité combine trois dimensions clés : (1) l'observation sensorielle directe des signes du printemps (bourgeons, fleurs, jeunes pousses, animaux) dans l'environnement proche, (2) des actions corporelles mimétiques (imiter la croissance des plantes, le débourrement des fleurs) et (3) des mouvements moteurs simples (se pencher, s'étirer, faire des roulades). 

Elle mobilise donc principalement les attendus liés à l'observation du vivant et des saisons (EDD et disciplinaires), à l'activité physique et corporelle, ainsi qu'à la sensibilisation aux émotions positives au contact de la nature. Les apprentissages langagiers (description, vocabulaire) et l'exploration du monde (temps, vivant) sont aussi sollicités de manière secondaire.

=== Observation sensorielle du printemps et jeu corporel — C2 ===
## RAISONNEMENT

Cette activité combine observation sensorielle des transformations du printemps (bourgeons, nouvelles pousses, animaux revenus) avec des jeux corporels mimétiques (se redresser comme une plante, se contorsionner comme une fleur). Elle travaille principalement la connaissance des caractéristiques du monde vivant et de ses cycles saisonniers, l'observation directe de la nature, ainsi que l'expression corporelle. Les attendus disciplinaires en EPS (mouvement, expression artistique du corps) et en "Questionner le monde" (vivant, cycles de la nature) sont clairement mobilisés. Aucun attendu EDD n'est directement travaillé puisqu'il n'y a ni enjeu de durabilité, ni sensibilisation à des impacts, ni actions écologiques proposées.

=== Observation sensorielle du printemps et jeu corporel — C3 ===
## RAISONNEMENT

Cette activité combine observation sensorielle des phénomènes printaniers avec des jeux corporels imitatifs. Elle travaille principalement la découverte des changements saisonniers à travers les cinq sens (toucher, observation) et l'expression corporelle. L'activité inclut une dimension pédagogique sur la biologie des plantes (croissance au printemps liée à la lumière) et l'observation des animaux. Elle mobilise aussi l'expression corporelle (mouvements imitatifs, tumbling) et la relaxation mindfulness en nature.

Les attendus pertinents concernent : la biodiversité et les écosystèmes (observation des signes de vie au printemps), le cycle de vie des plantes, l'expression artistique corporelle en EPS, et la sensibilité à la nature.

=== Observer et classifier les feuilles pour identifier les plantes — C2 ===
## Raisonnement

Cette activité « Observer et classifier les feuilles pour identifier les plantes » concentre ses efforts sur l'observation directe de caractéristiques morphologiques des feuilles (forme, taille, texture, nervures, marges) et leur utilisation pour classifier et identifier les plantes. Les élèves collectent, examinent, comparent et trient les feuilles selon des critères qu'ils déterminent eux-mêmes, puis utilisent ces observations pour identifier les arbres. L'activité relève clairement du domaine « Vivant » (biologie, botanique) dans le cadre de la découverte de la biodiversité et de la diversité du monde vivant. Elle ne traite pas directement de gestion durable, d'alimentation, de ressources naturelles ou d'aménagement territorial. Les attendus scolaires pertinents correspondent donc à la compréhension des caractéristiques du vivant et de sa diversité, sans aborder les dimensions éducation à l'environnement au sens large.

## JSON

=== Observer et classifier les feuilles pour identifier les plantes — C3 ===
## RAISONNEMENT

Cette activité pédagogique centrée sur l'observation, la classification et l'identification des feuilles pour reconnaître les plantes travaille directement des compétences scientifiques disciplinaires. Les élèves observent et comparent des caractéristiques morphologiques (forme, taille, texture, marges, veines, etc.), les classifient selon des critères qu'ils définissent eux-mêmes, puis les utilisent pour identifier des espèces d'arbres spécifiques. Cela correspond très précisément aux attendus en biodiversité et classification du domaine Sciences et technologie. L'activité développe aussi des capacités de comparaison, de contraste et de description systématique. Aucun attendu d'EDD ou d'autres disciplines ne correspond directement à ce qu'elle fait concrètement : l'activité reste centrée sur l'acquisition de connaissances biologiques et taxonomiques, sans aborder de dimension éducative relative au développement durable, aux écogestes ou à la citoyenneté.

=== Observer et dessiner les arbres dénudés en hiver — C1 ===
## RAISONNEMENT

L'activité « Observer et dessiner les arbres dénudés en hiver » combine trois volets principaux : l'observation directe de la nature (arbres en hiver, leurs formes, leurs branches), la création artistique (esquisse/dessin des arbres), et la découverte des cycles saisonniers et du vivant. 

Les attendus pertinents concernent d'abord la pratique du dessin comme moyen de représentation fidèle du réel (id=524), puis la reconnaissance des étapes du développement d'un végétal et l'observation du changement saisonnier (id=564, id=490). L'activité implique également une observation minutieuse et une description de formes variées (reconnaissance de formes planes via les branches, id=553), ainsi qu'une prise de conscience de la biodiversité locale visible en hiver grâce aux branches nues (id=472). Enfin, elle stimule l'expression orale pour décrire et questionner (id=501).

---

=== Observer et dessiner les arbres dénudés en hiver — C2 ===
## Raisonnement

L'activité « Observer et dessiner les arbres dénudés en hiver » est centrée sur l'**observation directe de la nature** (formes des arbres, branches, structures visibles en hiver) et la **création artistique** (dessiner/esquisser un arbre choisi). Elle aborde aussi des **notions biologiques** sur les cycles des arbres décidus et la saison hivernale. Les attendus pertinents concernent donc : la connaissance des caractéristiques du monde vivant (cycles saisonniers), la réalisation de productions plastiques (dessin), et la stimulation de l'awareness environnementale. Les dimensions purement disciplinaires (français, mathématiques, EPS) et les EDD trop larges ou indirectes ne sont pas retenues.

=== Observer et dessiner les arbres dénudés en hiver — C3 ===
# Raisonnement

Cette activité pédagogique porte essentiellement sur l'**observation minutieuse et le dessin de arbres dénudés en hiver**. Elle combine trois axes principaux : (1) l'observation directe des caractéristiques naturelles saisonnières (formes d'arbres, structure des branches, biodiversité visible comme les nids), (2) la **représentation graphique** via le croquis/sketch, et (3) la compréhension des cycles biologiques (pourquoi les arbres perdent leurs feuilles, dormance hivernale des arbres feuillus).

Les attendus pertinents sont donc situés à l'intersection de la **sciences et technologie** (cycle de vie des plantes, biodiversité), des **arts plastiques** (réalisation de productions graphiques), et des **sciences et technologie - écosystèmes** (observation et caractérisation d'éléments naturels). L'activité se concentre sur l'observation empirique et la traduction visuelle, sans dimension EDD marquée (pas d'enjeu de durabilité ou de développement explicite).

=== Observer et explorer les toiles d'araignées — C2 ===
## RAISONNEMENT

L'activité « Observer et explorer les toiles d'araignées » invite les enfants à explorer en nature des structures biologiques (toiles, sacs d'œufs, exosquelettes) et à observer le comportement des araignées (fonction de la toile pour capturer des proies). Elle développe d'abord une **connaissance des caractéristiques du monde vivant et de ses interactions** (la toile comme stratégie de chasse). Elle stimule également **l'observation directe et la curiosité** envers les êtres vivants et les écosystèmes, tout en sensibilisant au comportement responsable (ne pas déranger, ne pas capturer). Ces éléments correspondent à des attendus en sciences du vivant et en éducation à la biodiversité.

## JSON

=== Observer et explorer les toiles d'araignées — C3 ===
## RAISONNEMENT

Cette activité invite les enfants à explorer et observer directement les toiles d'araignées dans leur environnement naturel. Elle travaille principalement des compétences scientifiques de biodiversité : l'observation des structures et adaptations biologiques des araignées et de leurs toiles, la diversité des formes de toiles, et les interactions proies-prédateurs. L'activité favorise aussi la curiosité envers le vivant et l'exploration sensorielle du monde naturel. Sur le plan disciplinaire, elle mobilise des compétences d'observation et de classification des organismes vivants.

## JSON

=== Observer l'intérieur d'un oeuf — C2 ===
## Raisonnement

L'activité « Observer l'intérieur d'un œuf » est une expérimentation pratique qui fait dissoudre la coquille d'un œuf au vinaigre pour observer sa structure interne (membrane, blanc, jaune). C'est une démarche d'observation directe du vivant basée sur l'expérimentation. Elle correspond principalement aux attendus disciplinaires relatifs à la connaissance des caractéristiques du monde vivant et à l'observation de la matière, ainsi qu'à des attendus de langage oral (description, explication). Les attendus EDD sur la biodiversité ou l'alimentation ne sont pas vraiment travaillés ici puisque l'activité ne traite pas des impacts humains, des écogestes ou des régimes alimentaires, mais plutôt de la structure biologique d'un œuf.

=== Observer l'intérieur d'un oeuf — C3 ===
## RAISONNEMENT

Cette activité pédagogique « Observer l'intérieur d'un œuf » est une expérience pratique d'observation du vivant qui permet aux élèves de découvrir la structure interne d'un œuf d'oiseau (coquille, membrane, blanc, jaune) à travers une démarche scientifique simple (immersion en vinaigre). L'activité travaille directement la description et la caractérisation d'une structure vivante, ainsi que l'observation des structures de reproduction. Elle relève de la biologie/sciences naturelles et correspond aux attendus portant sur le cycle de vie des animaux et la caractérisation de la diversité du vivant.

## JSON

=== Observer l'osmose avec un oeuf — C3 ===
## RAISONNEMENT

Cette activité est une expérience pratique de biologie cellulaire qui démontre le phénomène physique de l'osmose à travers une membrane semi-perméable. L'activité repose sur l'observation directe de transformations matérielles (dissolution de la coquille, changement de volume et de texture de l'œuf) et la compréhension de mécanismes de passage de l'eau selon les concentrations. Cela relève principalement des attendus de sciences disciplinaires portant sur la matière, ses transformations et les propriétés physiques, ainsi que sur la démarche d'investigation scientifique. Aucun attendu EDD ne s'applique clairement ici, car l'activité ne porte ni sur l'alimentation durable, ni sur les ressources naturelles, ni sur les enjeux environnementaux, mais uniquement sur un mécanisme biophysique fondamental.

## JSON

=== Observer l'osmose avec un oeuf — C4 ===
## RAISONNEMENT

Cette activité expérimentale permet d'**observer directement les phénomènes de diffusion et d'osmose** à travers une membrane semi-perméable (membrane de l'œuf). L'élève manipule concrètement les variables (concentration en eau pure vs sirop concentré) et observe les conséquences mesurables (gonflement vs rétrécissement). C'est une démarche d'investigation scientifique classique du cycle 4 qui articule **observation, hypothèse implicite et interprétation de phénomènes de transport de matière à l'échelle microscopique**.

Cependant, le référentiel fourni est **vide** (aucun attendu disponible n'est listé). Je ne peux donc proposer aucun ID correspondant.

## JSON

=== Observer la faune aquatique et ses habitats — C2 ===
## RAISONNEMENT

Cette activité propose une observation directe de la faune aquatique dans ses habitats naturels variés (mares, ruisseaux, étangs, rivières, océans). Elle développe principalement la connaissance des caractéristiques du monde vivant et de ses interactions avec l'environnement aquatique. L'activité implique aussi l'identification de différents réservoirs d'eau et sensibilise à l'importance de ces milieux. Elle encourage l'observation active, l'écoute et le questionnement sur les relations entre animaux et leur habitat, ce qui correspond aux attendus concernant le vivant et les écosystèmes aquatiques du cycle 2.

=== Observer la faune aquatique et ses habitats — C3 ===
## RAISONNEMENT

Cette activité « Observer la faune aquatique et ses habitats » propose une observation directe et systématique des espèces animales dans différents milieux aquatiques (puddles, ruisseaux, mares, ponds, rivières, océans). Elle travaille principalement la caractérisation de la biodiversité aquatique, l'identification des animaux et leurs relations aux habitats. Les questions posées incitent à découvrir les interactions entre les animaux et leur environnement (dépendance à l'eau, adaptation, réseaux trophiques). Cela correspond directement aux attendus de Sciences et technologie sur la biodiversité, les écosystèmes et les interactions du vivant, ainsi qu'à des attendus EDD sur la préservation de la biodiversité et la compréhension des écosystèmes.

=== Observer la faune hivernale journal de decouverte — C2 ===
## RAISONNEMENT

Cette activité demande aux enfants d'observer et documenter la faune hivernale en recherchant des traces, des indices et des animaux dans leur environnement, puis de tenir un journal illustré de leurs découvertes. L'activité cible principalement la connaissance des caractéristiques du monde vivant (diversité animale, adaptations au froid, cycles saisonniers) et la sensibilisation à la biodiversité. Elle mobilise aussi des compétences disciplinaires en observation, description orale/écrite et représentation (dessin/croquis). Un seul attendu EDD s'impose vraiment : la sensibilité aux incidences de son comportement sur la biodiversité (ne pas toucher aux réserves de nourriture des animaux, respecter leur habitat).

## JSON

=== Observer la faune hivernale journal de decouverte — C3 ===
## RAISONNEMENT

Cette activité propose aux enfants d'observer et de documenter la faune hivernale en cherchant des traces d'animaux (empreintes, terriers, marques de morsure, caches alimentaires, sons) dans leur environnement proche, puis de consigner leurs découvertes dans un journal avec des dessins. L'activité travaille principalement la **caractérisation de la biodiversité et des interactions écosystémiques** (comprendre comment les animaux s'adaptent au froid et à la raréfaction des ressources), ainsi que **l'observation et la documentation scientifiques** via le journal de découverte. Elle mobilise aussi légèrement des compétences d'**expression plastique et écrite** (dessins, descriptions). Les attendus pertinents concernent la diversité du vivant, les adaptations des organismes, et le lien entre observation empirique et compréhension écosystémique.

=== Observer les cloportes et insectes jeu extérieur — C1 ===
## RAISONNEMENT

Cette activité propose aux enfants d'observer directement des cloportes (roly-polies) et autres insectes en milieu extérieur, de les manipuler délicatement, de noter leurs caractéristiques (nombre de pattes, comportement de roulement, habitat préféré), et de participer à un jeu de course. L'activité stimule explicitement la curiosité face à la diversité animale et encourage l'observation des liens entre les animaux et leurs habitats (zones humides). Elle combine observation naturaliste, exploration sensorielle et démarche d'investigation (où vivent-ils ? combien de types différents ?), travaillant ainsi les attendus relatifs à la biodiversité, à l'observation du vivant et aux interactions écologiques adaptés au Cycle 1.

=== Observer les cloportes et insectes jeu extérieur — C2 ===
## RAISONNEMENT

Cette activité propose aux enfants d'observer directement les cloportes et autres insectes dans leur environnement naturel, de les manipuler avec douceur, et de noter les caractéristiques de leur habitat (lieux humides, sous les pierres, etc.). L'activité combine l'observation descriptive du vivant avec la découverte de la biodiversité locale et l'initiation à une démarche d'investigation simple (compter, noter, chercher des liens entre espèces et environnement). Elle stimule aussi la sensibilité aux petits animaux et leur respect.

## JSON

=== Observer les cloportes et insectes jeu extérieur — C3 ===
## RAISONNEMENT

Cette activité propose aux enfants d'observer directement des cloportes (roly-polies) et d'autres insectes dans leur environnement naturel. Elle combine l'observation de la biodiversité locale (recherche et comptage de différents types d'insectes selon leurs habitats), l'acquisition de connaissances sur la morphologie et la classification des animaux (distinction entre vrais bugs et crustacés, caractéristiques des roly-polies), et une prise de conscience de la diversité et des inter-relations dans les écosystèmes (notion d'habitats préférés, rôle écologique des cloportes dans la décomposition). L'activité répond clairement aux attendus de sciences portant sur la biodiversité, la classification et la compréhension des écosystèmes.

=== Observer les effets du soleil et en discuter — C2 ===
# Raisonnement

Cette activité porte principalement sur l'**observation des effets physiques du soleil** (dégradation de fruits) et une **discussion sur la protection contre le soleil**. Les enfants observent un phénomène naturel, le comparent selon différentes conditions (soleil/ombre/intérieur), puis échangent sur les moyens de se protéger. 

Cela correspond directement à **deux attendus clés** : d'abord, identifier un **changement d'état lié à l'énergie solaire** (Questionner le monde / Matière), ensuite **reconnaitre des comportements favorables à sa santé** en discutant de la protection solaire (Questionner le monde / Vivant). L'activité implique également des échanges oraux et la comparaison d'observations, ce qui relève du langage oral.

=== Observer les effets du soleil et en discuter — C3 ===
## RAISONNEMENT

Cette activité propose une observation directe et concrète des effets du soleil sur la matière (dégradation des fruits) suivie d'une discussion sur la protection contre les rayons solaires. L'activité repose sur une démarche d'investigation simple : observation comparative et mise en lien avec la santé humaine. Elle travaille principalement la compréhension des phénomènes physiques liés au soleil et ses impacts sur le vivant et la matière, ainsi que l'identification de comportements de protection adaptés. Les attendus pertinents relèvent de sciences (énergie solaire, impacts sur la matière et les êtres vivants) et de l'EMC (conscientiséation aux comportements responsables de santé).

=== Observer les insectes caches et faire des frottages — C2 ===
## Raisonnement

Cette activité combine deux démarches : l'observation directe d'insectes cachés sous des roches et des bois pourris, et la technique du frottage pour préserver les traces de galeries de coléoptères. Elle mobilise principalement la découverte de la biodiversité des petites bêtes et leur habitat, ainsi qu'une technique artistique d'enregistrement des observations. Les attendus pertinents concernent donc la connaissance du monde vivant (caractéristiques et diversité des insectes), la sensibilité à la biodiversité et à son préservation (en remettant les objets en place), et la réalisation d'une production artistique (technique du frottage).

## Attendus travaillés

=== Observer les insectes caches et faire des frottages — C3 ===
## Raisonnement

Cette activité se concentre sur l'observation directe d'insectes vivant sous des matériaux naturels (roches, bois pourri) et sur la documentation de leurs traces (tunnels de coléoptères) par une technique de frottage. Elle développe principalement des compétences en observation de la biodiversité locale et en classification/identification d'organismes vivants. L'activité comporte également une dimension de respect de l'environnement (remettre les matériaux en place). Elle ne porte pas sur l'alimentation, l'eau, le changement climatique, les transports, ou les enjeux sociaux de l'EDD.

=== Observer les insectes et créer un calendrier des saisons — C2 ===
# RAISONNEMENT

L'activité « Observer les insectes et créer un calendrier des saisons » repose principalement sur la **phénologie** : observation régulière et systématique des apparitions/disparitions d'insectes et plantes pour identifier des patterns saisonniers. Cela mobilise d'abord des attendus de **sciences du vivant** (caractéristiques des insectes, cycles de vie, interactions), de **repérage dans le temps** (notion de saison, calendrier, durée), et de **sensibilisation à la biodiversité** (prise de conscience de la diversité des espèces et des cycles naturels). L'enregistrement régulier et la création d'un calendrier impliquent également des compétences de **langage oral** (description) et de **mathématiques** (dénombrement, repérage sur une chronologie).

---

=== Observer les insectes et créer un calendrier des saisons — C3 ===
## RAISONNEMENT

Cette activité centre les apprentissages sur l'observation systématique des insectes au fil du temps et la création d'un calendrier phenologique des saisons. Elle travaille principalement la compréhension des cycles biologiques et des événements répétitifs dans la nature (apparition/disparition d'insectes liées aux saisons). Elle mobilise aussi l'observation, l'enregistrement de données et la reconnaissance de patterns temporels. Sur le plan disciplinaire, elle articule l'étude des cycles de vie, la biodiversité des écosystèmes et les compétences de repérage temporel. L'activité s'appuie sur une démarche d'observation scientifique directe en milieu naturel proche (jardin).

## ATTENDUS SÉLECTIONNÉS

=== Observer les insectes et créer un calendrier des saisons — C4 ===
## RAISONNEMENT

Le document fourni traite principalement de la phénologie (science des apparitions et disparitions d'insectes et de plantes dans la nature) et de la création d'un calendrier des insectes basé sur l'observation des cycles naturels. L'activité implique une observation systématique des insectes dans un jardin, l'enregistrement des données sur un calendrier, et l'identification de patterns saisonniers. Cependant, **le référentiel des attendus scolaires du Cycle 4 n'a pas été fourni dans votre message** – la section "ATTENDUS SCOLAIRES DISPONIBLES" est vide. Sans liste d'attendus à sélectionner, il m'est impossible de proposer des correspondances précises et pertinentes.

## JSON

=== Observer les oiseaux et imaginer leur vol — C1 ===
## RAISONNEMENT

Cette activité combine deux volets : d'abord une **observation directe des oiseaux en vol** (où, comment ils se déplacent, comportements), puis une **phase imaginative et motrice** (se projeter comme un oiseau, mimer le vol avec son corps). 

Les attendus les plus pertinents sont ceux relatifs à l'**observation du vivant et de la biodiversité** (formuler des interrogations sur les caractéristiques des êtres vivants, prendre conscience de la biodiversité), à l'**expression corporelle et imaginative** (proposer des solutions créatives avec son corps), et au **langage oral** (exprimer son ressenti, décrire ce qu'on observe). L'activité travaille également le **bien-être et les émotions** au contact de la nature.

---

=== Observer les oiseaux et imaginer leur vol — C2 ===
## RAISONNEMENT

L'activité propose une observation directe des oiseaux en vol (où ils volent, comment ils se posent, distinctions entre battement d'ailes et vol plané, vols individuels vs collectifs) suivie d'une phase imaginative (se projeter comme un oiseau, imaginer un voyage aérien, exprimer ses sensations et ses curiosités). Elle travaille principalement la connaissance du vivant et ses caractéristiques (morphologie et comportement des oiseaux) et stimule fortement l'imagination et l'expression créative. Les attendus retenus correspondent directement aux deux piliers de l'activité : l'observation naturaliste du monde vivant et l'exercice de l'imagination créative par le jeu de rôle.

## JSON

=== Observer les oiseaux et imaginer leur vol — C3 ===
## RAISONNEMENT

Cette activité combine l'observation directe des oiseaux en vol (leur localisation spatiale, leurs mouvements, leur précision de vol) avec une phase d'imagination créative où l'enfant se projette dans la peau d'un oiseau et exprime ses sensations. Elle travaille principalement deux domaines : d'une part l'observation scientifique du vivant et du mouvement (domaine Sciences et technologie), et d'autre part la stimulation de l'imagination et de l'expression corporelle (domaines associés à la créativité et à l'expression). Les attendus retenus reflètent l'observation du mouvement des oiseaux, la description de la biodiversité et la stimulation de la créativité par l'imaginaire.

## JSON

=== Observer un ecosysteme pour comprendre ses interactions — C2 ===
## RAISONNEMENT

Cette activité "Observer un écosystème pour comprendre ses interactions" place les élèves en situation d'observation directe d'un site naturel (terrain vague, jardin) pour identifier les relations entre organismes vivants et éléments non-vivants. L'activité travaille principalement la compréhension des interactions écosystémiques (relations proie-prédateur, dépendances plantes-animaux, rôle des éléments abiotiques) et la sensibilité à la biodiversité locale. Elle inclut aussi des éléments de description et d'organisation d'informations, ainsi qu'une réflexion sur l'impact humain et les actions favorables à la préservation.

Les attendus pertinents portent sur : la connaissance des caractéristiques du vivant et ses interactions (disciplinaire), la description des interactions entre humains et biodiversité (EDD), et la sensibilisation aux incidences du comportement sur la biodiversité et l'environnement (EDD).

## JSON

=== Observer un ecosysteme pour comprendre ses interactions — C3 ===
## RAISONNEMENT

Cette activité pédagogique demande aux élèves d'observer directement un écosystème réel (terrain vacant, jardin, parc) pour identifier les plantes, les animaux, et surtout **les interactions entre éléments biotiques et abiotiques**. Les élèves analysent les relations écologiques concrètes (chaînes alimentaires, dépendances habitat, besoins en eau, etc.), décrivent l'écosystème et ses indicateurs de santé, et réfléchissent aux impacts humains et possibilités d'amélioration.

Les attendus pertinents sont avant tout disciplinaires (Sciences et technologie) car l'activité cible directement la description des écosystèmes et des interactions du vivant. L'EDD intervient secondairement à travers la préservation de la biodiversité et les impacts humains sur l'environnement. Les aspects communicationnels (présentations orales/visuelles) correspondent à des attendus du français.

## SÉLECTION DES ATTENDUS

=== Observer un ecosysteme pour comprendre ses interactions — C4 ===
## RAISONNEMENT

Le document fourni décrit une activité d'observation d'un écosystème (un terrain vague) où les élèves examinent les interactions entre éléments biotiques et abiotiques. Cependant, **aucun référentiel d'attendus scolaires n'a été fourni** dans la section "ATTENDUS SCOLAIRES DISPONIBLES (Cycle 4)" — celle-ci est vide.

Sans liste d'attendus à consulter, il m'est impossible de sélectionner les IDs pertinents. L'activité elle-même travaille clairement des compétences en observation, identification des relations écologiques, et compréhension des interactions biote-abiote, mais je ne peux pas les associer à des IDs inexistants dans le référentiel.

## JSON

=== Peindre des oeufs — C1 ===
## Raisonnement

L'activité « Peindre des œufs » (ou « Oeufs camouflés ») est une activité de création artistique qui s'inscrit dans l'observation de la nature et la compréhension de l'adaptation des êtres vivants. Elle mobilise principalement des compétences en **arts plastiques** (choix d'outils, de couleurs, utilisation de techniques de peinture/feutres) et en **exploration du vivant** (observation des caractéristiques des œufs d'oiseaux, compréhension du camouflage comme adaptation biologique). L'activité inclut aussi une dimension de recherche/jeu (trouver les œufs cachés) qui développe l'observation et l'esprit critique. Les attendus retenus concernent donc l'expression artistique, la manipulation d'outils et de matériaux, ainsi que la reconnaissance des adaptations des êtres vivants à leur environnement.

## Sélection

=== Peindre des oeufs — C2 ===
## Raisonnement

L'activité « Peindre des œufs » (ou « Œufs camouflés ») est une activité créative et pratique qui combine un objectif pédagogique nature précis avec une réalisation artistique. Elle travaille principalement deux domaines : d'une part, la compréhension des stratégies adaptatives des oiseaux (le camouflage comme phénomène biologique), et d'autre part, la création plastique (peindre, imaginer des motifs). Les enfants réalisent une production plastique personnalisée, font preuve de créativité en imaginant des patterns et couleurs, et participent à une activité de recherche/jeu qui mobilise l'observation et la comparaison. Sur le plan disciplinaire, c'est un projet art-plastiques au service d'une compréhension du vivant.

=== Peindre des oeufs — C3 ===
## RAISONNEMENT

L'activité "Peindre des œufs" (présentation identifiée comme "Oeufs camouflés") est une activité artistique et naturaliste combinée. Elle mobilise principalement les compétences en **arts plastiques** (création, réalisation de productions plastiques avec intention) et travaille la **compréhension de l'adaptation biologique** des espèces (camouflage comme stratégie évolutive). L'activité intègre aussi un volet **sciences** concernant la biodiversité et l'écologie (cycle de vie, interactions proies-prédateurs via le camouflage). Cependant, les attendus EDD sur la biodiversité proposés sont trop généraux ou trop centrés sur la "préservation" et l'action collective, tandis que cette activité se concentre plutôt sur l'observation et la compréhension scientifique d'une adaptation naturelle spécifique.

## JSON

=== Peindre des oeufs — C4 ===
RAISONNEMENT :

L'activité « Peindre des œufs » (intitulée « Oeufs camouflés ») articule trois dimensions pédagogiques principales. D'abord, elle développe une **compréhension des adaptations biologiques** : les enfants apprennent pourquoi et comment les œufs des oiseaux nichant au sol sont camouflés, et découvrent le lien entre morphologie/coloration et environnement. Ensuite, elle engage une **démarche scientifique d'observation et d'analyse** : observation d'images d'œufs réels, hypothèses sur les meilleurs camouflages, test empirique en cherchant les œufs cachés, et comparaison des résultats. Enfin, elle mobilise des **compétences de réflexion écologique** en mettant en évidence que l'habitat et les stratégies de reproduction sont liés (nichage au sol vs. en cavité). Cependant, le référentiel fourni ne contenant aucun attendu, aucune correspondance ne peut être établie.

JSON :

=== Peinture sur écorce découverte et création nature — C1 ===
# Raisonnement

Cette activité de peinture sur écorce est avant tout une **création artistique pratique** qui mobilise des compétences en arts plastiques. Les enfants choisissent un support naturel (l'écorce), sélectionnent des outils (brosse, pincettes) et appliquent de la peinture en exerçant leur créativité. L'activité développe aussi une **observation et une appréciation de la nature** : les enfants découvrent les motifs, les textures et les couleurs naturelles de l'écorce, ainsi que des savoirs sur le vivant (fonction de l'écorce, malléabilité). Enfin, l'aspect tactile et sensoriel (trempage, nettoyage, geste pictural) renforce l'engagement corporel et émotionnel.

=== Peinture sur écorce découverte et création nature — C2 ===
## RAISONNEMENT

Cette activité est centrée sur la création artistique : les enfants découvrent les écorces comme matériau naturel, observent leurs motifs et couleurs, puis les utilisent comme support de peinture. L'activité travaille principalement la réalisation et l'expression plastiques (création individuelle, choix expressifs du côté de l'écorce à peindre, utilisation intentionnelle des couleurs). Elle mobilise aussi une sensibilité à la nature et aux matériaux naturels, ainsi qu'une observation fine des caractéristiques du vivant (texture, couleur, structure de l'écorce). Aucun attendu en EDD ne correspond précisément aux objectifs concrets de cette activité créative.

## JSON

=== Peinture sur écorce découverte et création nature — C3 ===
## RAISONNEMENT

Cette activité de peinture sur écorce combine deux dimensions principales : une **création artistique concrète** (peindre sur un support naturel avec des techniques et des matériaux spécifiques) et une **découverte de la nature** (observation des écorces, leurs motifs, leurs couleurs, et leur rôle écologique dans le document). L'activité mobilise des compétences en arts plastiques (réalisation de productions plastiques, choix de matériaux et de techniques, justification des choix créatifs) et des connaissances naturalistes élémentaires sur les écorces, les arbres et les ressources naturelles. Elle inclut aussi une ouverture culturelle via les exemples de peinture aborigène australienne. Cependant, l'activité ne vise pas explicitement des enjeux de développement durable complexes, ni d'action environnementale concertée : c'est avant tout un projet créatif s'inscrivant dans la sensibilité plastique et l'exploration tactile de la nature.

=== Petites activités de pluie — C1 ===
## RAISONNEMENT

L'activité « Petites activités de pluie » propose des explorations sensorielles et ludiques liées aux phénomènes météorologiques et à la vie en extérieur sous la pluie. Elle combine l'observation de la nature (eau, plantes, animaux), l'expérience sensorielle et motrice, ainsi que le jeu créatif. Les attendus pertinents correspondent à : la prise de conscience de la présence et des usages de l'eau dans l'environnement (EDD), l'observation et la description du vivant et de ses comportements (disciplines), ainsi que le développement moteur et l'aisance en environnement naturel. L'activité encourage aussi l'expression créative corporelle et sensorielle.

=== Petites activités de pluie — C2 ===
## RAISONNEMENT

L'activité « Petites activités de pluie » est un ensemble d'explorations sensorielles et d'observations de la nature centrées sur le phénomène de la pluie et ses effets sur l'environnement immédiat (eau, végétation, faune, sol). Les enfants suivent l'eau de pluie, observent les interactions entre pluie et vivants (arbres, insectes, oiseaux), et explorent les transformations du milieu (boue). Ces activités travaillent principalement des attendus relatifs à l'eau (cycle, réservoirs, usages), à l'observation de la biodiversité et des écosystèmes, et à la sensibilité face aux phénomènes naturels. Les dimensions ludiques et créatives (drip dash, tree downpour, mud make-up) mobilisent aussi des compétences d'exploration active et d'expression corporelle légère, sans être le cœur pédagogique de l'activité.

## ATTENDUS RETENUS

=== Petites activités de pluie — C3 ===
# Raisonnement

L'activité « Petites activités de pluie » propose des explorations ludiques et sensorielles de la pluie et ses effets dans la nature (suivi de l'eau, observation de la faune, jeux d'eau). Elle développe principalement une compréhension empirique du cycle de l'eau (ruissellement, absorption) et une observation directe des écosystèmes en conditions pluvieuses. Sur le plan disciplinaire, elle mobilise également des compétences en sciences relatives à la description d'écosystèmes et aux interactions du vivant avec son environnement. Les activités restent essentiellement exploratoires et sensorielles, sans démarche d'investigation formalisée ni enjeux de gestion durable explicites.

=== Photosynthèse arbre jeu de rôle et course relais — C2 ===
## RAISONNEMENT

Cette activité pédagogique combine deux jeux complémentaires autour du fonctionnement des arbres. Le premier jeu (« La feuille-usine ») met en scène par le jeu de rôle et la course-relais le processus de photosynthèse : les enfants incarnent un arbre, récoltent eau/sels minéraux et CO₂, puis les transforment en glucose et oxygène. Le second jeu (« Missions fruitées ») explore les modes de dissémination des graines. Ces deux activités travaillent directement la compréhension du vivant, particulièrement des caractéristiques et interactions des organismes vivants (arbres, processus biologiques). Elles mobilisent également des compétences d'EPS (course-relais, jeu collectif, respect des règles) et des compétences langagières orales (écoute, expression, description).

Cependant, les attendus EDD disponibles pour le Cycle 2 ne couvrent pas spécifiquement la photosynthèse ou la biologie végétale. Les attendus disciplinaires « Questionner le monde / Vivant » (id=648) constituent le meilleur appariement, car ils visent à connaître les caractéristiques du monde vivant et ses interactions. Les compétences d'EPS (course-relais, affrontement/jeu collectif, respect des règles) et de langage oral sont également clairement mobilisées.

=== Photosynthèse arbre jeu de rôle et course relais — C3 ===
# Raisonnement

L'activité « Photosynthèse arbre jeu de rôle et course relais » se concentre sur la compréhension du processus de photosynthèse à travers une mise en situation ludique et kinesthésique. Le jeu de rôle incarne les parties de l'arbre (racines, tronc, branches, feuilles) et la course relais simule la collecte d'eau/minéraux et de CO2, transformés en glucose/oxygène. 

L'attendu principal travaillé relève clairement du domaine des Sciences et technologie, spécifiquement sur le fonctionnement des écosystèmes et la vie des plantes (cycle de vie, reproduction, interdépendance). L'activité permet aux enfants de **comprendre et modéliser le processus de photosynthèse** et le **rôle fondamental des arbres dans la production de nourriture et d'oxygène**. Sur le plan pédagogique, le format ludique et kinesthésique travaille également l'engagement corporel et la compréhension par l'action, sans pour autant mobiliser directement les attendus en EPS ou en disciplines artistiques de manière centrale.

Parmi les attendus proposés, seul l'id=788 (« Décrire le cycle de vie d'une plante à fleurs et celui d'un animal ») s'approche mais reste partiel. Aucun attendu disponible ne cible précisément la **photosynthèse** ou le **fonctionnement métabolique des plantes**. L'activité dépasse le niveau de spécificité des attendus Cycle 3 proposés.

=== Projet construction de barrage et impacts environnementaux — C2 ===
# RAISONNEMENT

Cette activité de construction de barrage travaille principalement les impacts des aménagements humains sur les écosystèmes aquatiques et la biodiversité. La section "TRY THIS!" interroge explicitement les conséquences des barrages sur la faune et la flore dépendant des rivières, ce qui correspond directement aux attendus sur les interactions humain-nature et les impacts environnementaux. L'activité combine une démarche pratique (conception, test, ajustement) avec une réflexion sur les solutions pour réduire les impacts, mobilisant également des compétences en résolution de problèmes et argumentation.

=== Projet construction de barrage et impacts environnementaux — C3 ===
## RAISONNEMENT

Cette activité pédagogique combine deux expériences pratiques : la construction d'un barrage en modèle réduit et l'exploration des impacts environnementaux associés. Elle mobilise directement la réflexion sur les conséquences des aménagements humains sur les écosystèmes aquatiques (faune et flore dépendantes des rivières) et sur les processus géomorphologiques (érosion, courants). Les dimensions d'investigation expérimentale, de conception technique et de questionnement éthique sur la gestion de l'eau et la préservation de la biodiversité correspondent précisément aux attendus relevant de l'eau, des écosystèmes et de l'aménagement durable des territoires en Cycle 3.

## SÉLECTION DES ATTENDUS

=== Projet construction de barrage et impacts environnementaux — C4 ===
## RAISONNEMENT

Le document fourni décrit une activité pratique de construction de barrage en modèle réduit, mais il ne contient **aucun attendu scolaire spécifié**. La section "ATTENDUS SCOLAIRES DISPONIBLES (Cycle 4)" du référentiel est vide, ce qui signifie qu'aucun attendu n'a été fourni pour comparaison. Sans liste de référence d'attendus existants pour le Cycle 4, il est impossible de sélectionner des IDs ou de valider la correspondance entre l'activité et des objectifs pédagogiques formels. L'activité elle-même travaille clairement des compétences liées à la conception, aux impacts environnementaux et aux phénomènes hydrologiques, mais sans attendus disponibles dans le référentiel, aucune sélection ne peut être effectuée.

=== Projet d'action environnementale améliorant le milieu de vie — C3 ===
## RAISONNEMENT

Cette activité de projet d'action environnementale « Improve Your Place » est un véritable projet de service-learning qui implique les élèves dans l'identification, la planification et la réalisation d'améliorations concrètes de leur environnement proche (école, parc, etc.). Elle travaille principalement : (1) la participation à une action collective concrète de transformation/préservation de l'environnement (relevant de l'aménagement durable et de la biodiversité), (2) la démarche civique d'implication citoyenne et de responsabilité envers son milieu de vie, (3) les compétences de présentation et de communication orale/écrite pour convaincre des décideurs. Les attendus sélectionnés correspondent aux dimensions environnementales et civiques essentielles du projet.

## JSON

=== Projet d'action environnementale améliorant le milieu de vie — C4 ===
# RAISONNEMENT

Le document fourni ne contient aucune liste d'attendus scolaires disponibles pour le Cycle 4. La section "=== ATTENDUS SCOLAIRES DISPONIBLES (Cycle 4) ===" est vide. 

En conséquence, je ne peux pas analyser l'activité "Projet d'action environnementale améliorant le milieu de vie" (qui correspond bien à la fiche "Improve Your Place") par rapport à un référentiel d'attendus existant. Bien que l'activité elle-même soit riche et travaille clairement des compétences transversales (résolution de problèmes, planification, action citoyenne, évaluation), il m'est impossible de les mapper sans le référentiel prescrit.

=== Projet d'aide et d'observation des nids d'oiseaux — C2 ===
## RAISONNEMENT

Cette activité repose sur deux phases complémentaires : d'abord fournir du matériel de nidification (fils, papier, etc.) aux oiseaux en mai-juin et les observer pour localiser leurs nids ; ensuite, en hiver, observer les nids enneigés pour faire un inventaire des espèces nicheuses dans l'environnement. L'activité développe principalement la **connaissance des caractéristiques du monde vivant** (comportements de nidification, diversité des oiseaux, adaptations), l'**observation directe de la nature** et une **sensibilité à la biodiversité locale**. Elle favorise aussi une forme de participation bienveillante à la vie des oiseaux, sans les déranger, ce qui relève de comportements favorables à la préservation de la biodiversité.

## JSON

=== Projet d'aide et d'observation des nids d'oiseaux — C3 ===
## RAISONNEMENT

Cette activité pédagogique combine observation directe de la nature et participation active à la vie des oiseaux. Elle travaille principalement la **biodiversité et la préservation** en mettant en évidence comment les enfants peuvent participer concrètement à l'aide des oiseaux en fournissant des matériaux de nidification. L'activité involve également l'**observation et la classification** des espèces (reconnaître les cardinaux, orioles, merles, etc.) ainsi que la **compréhension du cycle biologique** (reproduction, construction du nid, période de nidification). L'approche encourage les enfants à être des observateurs attentifs de leur environnement proche et à comprendre les comportements instinctifs des oiseaux, tout en reconnaissant qu'ils peuvent influencer positivement ces processus naturels. C'est une démarche d'enquête et d'action collective pour la préservation.

=== Projet de conception de cabane avec dessin et étiquettes — C2 ===
## RAISONNEMENT

Cette activité est centrée sur la **conception et le dessin d'une cabane** avec des étiquettes explicatives. Les enfants doivent réfléchir à des choix de design (matériaux, accès, dimensions, caractéristiques), explorer des photos de cabanes existantes, dessiner leurs idées et les labéliser. Les attendus pertinents relèvent principalement des **arts plastiques** (réalisation de productions, expression inventive, coopération, présentation) et des **mathématiques/géométrie** (utilisation de règles, représentation de formes, notion d'espace). Les variations mentionnent aussi une possible connexion à l'**aménagement durable** (visite d'un arbre local, construction dans les espaces scolaires/communautaires), mais cette dimension reste secondaire et peu développée dans la fiche. On retient donc les attendus qui correspondent strictement à ce que l'activité fait réellement : concevoir, dessiner, labéliser et présenter.

## JSON

=== Projet de conception de cabane avec dessin et étiquettes — C3 ===
## RAISONNEMENT

Cette activité est centrée sur la conception et la représentation graphique d'une cabane (tree house). Les enfants explorent des photos existantes, discutent des caractéristiques intéressantes, puis dessinent leur propre cabane avec des étiquettes (labels) indiquant les différentes parties et fonctionnalités. L'activité combine une démarche de design fonctionnel (considérer l'accès, les matériaux, la taille, les équipements) avec une production plastique (dessin et labélisation). Elle relève clairement des Arts plastiques (réaliser une production en 2D avec intention) et des Sciences et technologie (démarche technologique de conception d'objet technique). Les variations mentionnent aussi la possibilité de transformer ce projet en action concrète d'aménagement du territoire scolaire ou communautaire.

## ATTENDUS SCOLAIRES IDENTIFIÉS

=== Projet de construction en saule vivant art et maths — C2 ===
## RAISONNEMENT

Cette activité de construction en saule vivant articule trois dimensions principales : (1) **Les mathématiques** sont explicitement travaillées via la mesure (longueurs, diamètres), le calcul d'espacement, les formes géométriques (cercle, dome) et les motifs (pattern diagonal) ; (2) **Les arts plastiques** sont mobilisés dans la conception créative de structures, l'assemblage et la combinaison de matériaux, ainsi que la réalisation collective d'une production ; (3) **L'éducation à l'environnement** est présente puisque le saule vivant est décrit comme "écologiquement friendly", les enfants participent à un travail collaboratif et cette activité favorise la sensibilité à la biodiversité et aux ressources naturelles. Les attendus correspondants doivent être strictement limités à ce qui est concrètement mis en œuvre.

=== Projet de construction en saule vivant art et maths — C3 ===
## Raisonnement

Cette activité de construction en saule vivant combine trois dimensions majeures : des apprentissages en arts plastiques (conception, réalisation de structures en 3D), des apprentissages mathématiques (mesure, espacements, calculs de diamètre et de périmètre) et des apprentissages environnementaux (planter du vivant, préserver la biodiversité, utiliser des matériaux naturels et durables). L'activité engage également un travail collectif et l'observation du cycle de vie d'une plante. Bien que le document soit en anglais (KS1/KS2), les attendus du Cycle 3 français sont directement applicables à cette tranche d'âge.

Les attendus retenus correspondent à : la réalisation de productions plastiques en 3D (id=758), les mesures et grandeurs géométriques (id=812), la reconnaissance de figures et solides (id=816), la description du cycle de vie des plantes (id=788), et la caractérisation des interactions dans un écosystème (id=806). L'aspect biodiversité et préservation est également pertinent (id=673, id=674). Le travail collectif et les apprentissages sur les matériaux naturels complètent cet ensemble.

=== Projet de plantation d'arbres en classe — C3 ===
## RAISONNEMENT

Cette activité de plantation d'arbres en classe est un projet concret d'action environnementale qui mobilise plusieurs dimensions pédagogiques. Elle travaille directement la préservation de la biodiversité et les écosystèmes (identification des bénéfices des arbres pour la faune et la flore), l'action collective pour transformer l'environnement proche, et la prise de conscience civique sur les enjeux de durabilité territoriale. L'activité inclut également des éléments de recherche, de communication écrite (lettres de demande de permission), de documentation photographique et de présentation, ainsi que l'apprentissage du cycle de vie des plantes et des interactions écosystémiques. Les attendus retenus correspondent aux domaines EDD (biodiversité, aménagement durable des territoires) et aux compétences disciplinaires (sciences naturelles, français, compétences transversales) qui sont effectivement mobilisés par le projet.

=== Projet de plantation d'arbres en classe — C4 ===
## RAISONNEMENT

Le document fourni est une activité pédagogique complète intitulée "Plant a Tree" (Planter un arbre) destinée aux niveaux Grades 1-8. Cependant, **aucun référentiel d'attendus scolaires n'a été fourni** dans la section "=== ATTENDUS SCOLAIRES DISPONIBLES (Cycle 4) ===" — celle-ci est vide.

L'activité elle-même couvre des dimensions importantes : identification des bénéfices des arbres, recherche et résolution de problèmes, action concrète (plantation), documentation photographique, création d'un projet communautaire, et engagement civique. Elle mobilise des compétences en sciences naturelles, études sociales, recherche et prise de décision.

Sans liste d'IDs d'attendus à évaluer, il m'est impossible de procéder à la sélection demandée en respectant la règle stricte de ne proposer que des IDs qui existent dans le référentiel.

=== Projet manuel fabrication d'un instrument de musique nature — C3 ===
## RAISONNEMENT

Cette activité de fabrication manuelle de pan pipes (flûtes de Pan) en bambou mobilise principalement des compétences en éducation musicale et en arts plastiques. Elle permet aux élèves d'explorer les sons (id=727), de créer des productions plastiques en 3D par transformation de matériaux naturels (id=758), et de justifier leurs choix techniques (id=759). L'activité relève aussi de la gestion durable des ressources naturelles puisqu'elle utilise le bambou, matériau naturel renouvelable (id=697). Sur le plan transversal, elle implique une démarche technologique pratique et collective (id=797, 798).

=== Projet manuel fabrication d'un instrument de musique nature — C4 ===
## RAISONNEMENT

Cette activité de fabrication de flûtes de pan en bambou est une démarche manuelle et créative centrée sur la transformation de matériaux naturels. Cependant, le document fourni ne contient **aucun référentiel d'attendus scolaires** pour le Cycle 4 — la section "=== ATTENDUS SCOLAIRES DISPONIBLES (Cycle 4) ===" est vide. 

Sans liste d'attendus à consulter, il m'est impossible de faire une sélection pertinente et fiable selon les règles établies. Je ne peux donc proposer aucun ID.

## JSON

=== Projet pratique de réduction et recyclage des déchets — C3 ===
## RAISONNEMENT

Cette activité pédagogique porte sur l'analyse concrète des déchets produits par une classe et la mise en œuvre de projets de réduction, réutilisation et recyclage. Elle s'articule autour de deux axes : (1) l'investigation scientifique sur les types et volumes de déchets générés, et (2) l'action collective pour réduire les déchets à l'échelle de l'école ou de la communauté. Les attendus retenus correspondent donc aux domaines de l'EDD relatifs à la gestion durable des ressources naturelles, aux écogestes concrets, et à la participation à des actions concrètes de réduction des déchets. Les attendus disciplinaires retenus concernent les capacités transversales en français (présentation orale, écriture de projets) et en mathématiques (analyse de données, graphiques).

## ATTENDUS SCOLAIRES TRAVAILLÉS

=== Projet pratique de réduction et recyclage des déchets — C4 ===
# RAISONNEMENT

Cette activité pédagogique porte sur l'analyse pratique des déchets scolaires, la classification et le tri des matériaux, ainsi que la mise en place de projets communautaires de réduction et recyclage. Les élèves observent concrètement leurs habitudes de consommation, collectent et analysent les données sur les déchets, et développent des solutions pour réduire les déchets à l'école. 

Cependant, **le référentiel des attendus scolaires pour le Cycle 4 n'a pas été fourni dans votre message**. Vous m'indiquez qu'il existe une liste d'« ATTENDUS SCOLAIRES DISPONIBLES (Cycle 4) » mais cette section est vide. Sans cette liste de référence avec les IDs et descriptions des attendus, je ne peux pas effectuer la sélection demandée de manière fiable et pertinente.

# RÉPONSE

=== Projet scientifique construire un village flottant — C2 ===
## RAISONNEMENT

Cette activité est un projet d'ingénierie pratique où les élèves conçoivent et construisent un village flottant miniature en testant des matériaux et des designs pour faire flotter des structures. L'activité mobilise principalement des compétences d'investigation scientifique (mise en œuvre de la méthode scientifique, test d'hypothèses, observation des résultats), de conception technique (choix des matériaux, réflexion sur la flottabilité et la stabilité) et de réflexion sur un enjeu environnemental/sociétal (adaptation humaine aux variations d'un écosystème lacustre). Elle articule aussi une découverte du monde vivant (lacs comme écosystèmes importants) et des objets techniques (flottabilité, conception, résistance des structures).

## JSON

=== Projet scientifique construire un village flottant — C3 ===
## RAISONNEMENT

Cette activité est un projet scientifique d'ingénierie où les élèves appliquent la méthode scientifique pour concevoir et tester un village flottant. Le projet mobilise principalement deux domaines : (1) la démarche technologique et la résolution de problèmes concrets (conception, test, itération), et (2) les concepts physiques liés à la flottabilité et à la gestion de l'eau. L'activité inclut également une dimension géographique et sociétale (étude du lac Tonlé Sap en Cambodge, conditions de vie des populations). Les attendus les plus pertinents relèvent donc des sciences et technologie (objets techniques, démarche technologique) et de l'éducation à l'environnement (gestion durable des ressources, adaptation aux changements environnementaux).

## JSON

=== Projets creatifs et discussion sur les rivieres — C2 ===
## Raisonnement

Cette activité combine trois composantes : (1) une discussion critique sur les rivières et l'implantation humaine, (2) la création d'un poème en forme (expression créative en français), et (3) la fabrication d'un bateau en origami (projet artistique manuel). Les attendus pertinents concernent principalement l'expression orale et écrite, la création artistique, et la réflexion sur l'interaction humain-environnement. Les aspects liés à l'eau, la biodiversité et les usages des rivières sont évoqués mais restent superficiels (pas de véritable investigation scientifique ni de démarche environnementale approfondie).

## Analyse

Les attendus clairement mobilisés sont :
- **Langage oral** (id 605, 607) : la discussion « consider and discuss » sur comment les anciens peuples choisissaient où vivre
- **Écriture créative** (id 612) : rédiger un poème cohérent sur la rivière
- **Arts plastiques** (id 617, 618) : réaliser des productions plastiques (poème illustré, origami)
- **Sensibilité environnementale légère** (id 573, 574) : la mention des animaux dépendant des rivières et de l'impact du choix de lieu de vie sur l'environnement, bien que non approfondis

Les attendus sur l'eau (586-590) ne sont pas suffisamment travaillés car il n'y a pas d'investigation réelle sur les caractéristiques, usages ou qualité de l'eau.

=== Projets creatifs et discussion sur les rivieres — C3 ===
## RAISONNEMENT

Cette activité pédagogique propose deux projets créatifs centrés sur les rivières : un poème en forme (shape poem) et un bateau en origami. Elle inclut une discussion sur comment les populations anciennes et actuelles choisissent leurs lieux de vie en lien avec les rivières, et aborde comment les animaux dépendent des cours d'eau. L'activité combine expression créative (écriture poétique, arts plastiques), observation descriptive des rivières, et réflexion sur l'importance des rivières pour les écosystèmes et les sociétés humaines. Elle travaille principalement des attendus en français (expression orale et écrite), en arts plastiques (création plastique), et en EDD autour des cycles de l'eau et des écosystèmes.

=== Projets creatifs et discussion sur les rivieres — C4 ===
# RAISONNEMENT

Le document fourni présente une activité très partielle et fragmentée. Le titre annonce "Projets créatifs et discussion sur les rivières", mais le contenu visible ne montre que deux projets créatifs (poème en forme de rivière et bateau origami) sans aucun véritable élément de "discussion" pédagogique structurée. La section "CONSIDER AND DISCUSS" pose des questions historiques simples, mais ne constitue pas une véritable discussion réfléchie. 

Surtout, **aucun référentiel d'attendus scolaires n'a été fourni** dans les instructions (la section "=== ATTENDUS SCOLAIRES DISPONIBLES (Cycle 4) ===" est vide). Sans liste d'IDs d'attendus disponibles pour le Cycle 4, il est impossible de sélectionner des attendus pertinents de manière fiable et précise.

En l'absence de données de référence, je dois retourner un tableau vide conformément aux règles.

=== Promenade d'observation des couleurs de la nature — C1 ===
## RAISONNEMENT

Cette activité de promenade d'observation des couleurs de la nature est centrée sur l'observation directe et la description des éléments naturels. Elle amène les enfants à :
1. Observer attentivement la diversité des couleurs dans les fleurs, les animaux et l'environnement naturel, ce qui développe la conscience de la biodiversité locale
2. Identifier des interactions entre les êtres vivants (attraction des pollinisateurs par les couleurs des fleurs), favorisant la compréhension des écosystèmes
3. Décrire et comparer des caractéristiques physiques (formes de pétales, nombre de pétales, couleurs), mobilisant le langage oral et l'observation précise

Les attendus disciplinaires du domaine "Explorer le monde" relatifs au vivant et à l'observation directe correspondent directement à cette approche empirique. Un attendu EDD sur la biodiversité et ses interactions complète l'analyse.

=== Promenade d'observation des couleurs de la nature — C2 ===
## RAISONNEMENT

Cette activité de promenade d'observation des couleurs de la nature travaille principalement la connaissance des caractéristiques du vivant et la compréhension des interactions écologiques. En observant les fleurs, leurs couleurs, formes et les pollinisateurs qu'elles attirent, les enfants découvrent concrètement comment les êtres vivants interagissent et se caractérisent. L'activité aborde aussi l'importance écologique des pollinisateurs dans la croissance des plantes et la diversité des éléments naturels. Par ailleurs, elle stimule l'observation attentive et la description de l'environnement immédiat, competences langagières et scientifiques fondamentales au Cycle 2.

## SÉLECTION DES ATTENDUS

=== Promenade d'observation des couleurs de la nature — C3 ===
## RAISONNEMENT

Cette activité de promenade d'observation des couleurs de la nature est centrée sur l'observation directe et la découverte sensorielle des phénomènes naturels. Elle amène les enfants à observer les fleurs, leur diversité chromatique, les insectes pollinisateurs et à comprendre les fonctions écologiques des couleurs (attraction des pollinisateurs, camouflage, avertissement). L'activité travaille principalement la caractérisation de la biodiversité et des interactions vivantes dans les écosystèmes (rôle des pollinisateurs, fonction des couleurs dans la vie des plantes et animaux). Elle stimule aussi l'observation et la description des phénomènes biologiques sans entrer dans une démarche d'investigation formelle.

=== Quiz et recherche sur les adaptations biologiques — C3 ===
## RAISONNEMENT

Cette activité pédagogique s'articule autour de la découverte d'adaptations biologiques extraordinaires à travers deux phases : un quiz prédictif (Partie A) où les élèves jugent si les organismes sont réels ou fictifs, puis une recherche documentaire et présentation (Partie B) où ils approfondissent comment les adaptations permettent aux espèces de survivre dans leurs environnements spécifiques. 

L'activité travaille directement les capacités à **caractériser la richesse et la diversité du vivant**, à **analyser les relations entre organismes et environnement** (notamment par les adaptations), et à **pratiquer une démarche d'investigation scientifique** via la recherche et l'analyse documentaire. Les attendus en EDD relatifs à la **biodiversité et aux écosystèmes** sont particulièrement activés, notamment la compréhension des interactions entre les êtres vivants et les composantes non-vivantes de leur environnement, ainsi que la valorisation de la biodiversité comme bien commun.

En domaine disciplinaire, les attendus de **Sciences et technologie** sur la biodiversité, la classification et les écosystèmes sont également clairement mobilisés, tout comme certaines **compétences transversales en Histoire-Géographie** et en **Français** (lecture de documents, oral/présentation).

=== Quiz et recherche sur les adaptations biologiques — C4 ===
# RAISONNEMENT

Cette activité intitulée "Quiz et recherche sur les adaptations biologiques" (intitulé français du document anglophone "Can It Be Real?") travaille directement la compréhension des adaptations biologiques et de leurs liens avec l'environnement. L'activité propose deux phases : (1) un quiz prédictif où les élèves jugent si des organismes extraordinaires sont réels ou fictifs, puis découvrent que tous sont réels ; (2) une recherche documentaire approfondie où chaque élève sélectionne une espèce et produit une présentation visuelle explicitant comment ses caractéristiques biologiques sont adaptées à son habitat spécifique. Les concepts clés énumérés dans le document (adaptation, biodiversité, interaction organisme-environnement, dépendance aux composants non vivants) correspondent aux apprentissages fondamentaux attendus en sciences naturelles au Cycle 4.

Cependant, **aucun attendu n'a pu être sélectionné** car le document fourni ne contient **aucune liste d'attendus scolaires disponibles pour le Cycle 4**. La section "=== ATTENDUS SCOLAIRES DISPONIBLES (Cycle 4) ===" est vide dans le référentiel fourni.

=== Quiz interactif classification animale et amphibiens — C2 ===
# Raisonnement

Cette activité pédagogique est un quiz interactif de classification animale basé sur des critères biologiques (squelette interne, ponte d'œufs, régulation thermique, présence d'écailles) permettant aux enfants d'identifier les amphibiens. L'activité travaille principalement la **connaissance des caractéristiques du monde vivant et sa diversité**, ainsi que la **capacité à reconnaître et classer des animaux selon leurs traits distinctifs**. 

Les attendus pertinents relèvent du domaine "Questionner le monde / Vivant" (reconnaissance des caractéristiques et diversité du monde vivant), complétés par des attendus transversaux touchant à la compréhension des interactions entre êtres vivants et au langage oral (participation, écoute, explication). L'activité ne mobilise pas significativement les domaines EDD (pas d'enjeu environnemental ou comportemental dominant) ni d'autres disciplines.

=== Quiz interactif classification animale et amphibiens — C3 ===
## RAISONNEMENT

Cette activité pédagogique est un **quiz interactif de classification animale** fonctionnant par élimination progressive. Les élèves classent 10 espèces selon des critères biologiques (squelette interne, ponte d'œufs, régulation thermique, écailles) pour identifier les amphibiens. L'activité travaille principalement la **reconnaissance et la classification des organismes vivants** ainsi que la **compréhension des caractéristiques structurales et biologiques distinctives** des différentes classes d'animaux (insectes, mammifères, oiseaux, reptiles, amphibiens). Elle mobilise également une **démarche de tri et de comparaison** basée sur l'observation de caractères biologiques. En EDD, l'activité contribue faiblement à identifier la biodiversité, mais de manière très limitée puisqu'elle ne traite pas des enjeux de préservation ni des usages durables.

=== Rallye boussole pour apprendre l'orientation — C2 ===
## RAISONNEMENT

Cette activité est centrée sur l'apprentissage pratique de l'orientation et de l'usage de la boussole. Elle fait travailler principalement la capacité à se situer dans l'espace, à suivre des directions et à décrire des positions. Deux attendus disciplinaires en mathématiques (géométrie/espace) correspondent directement à ce qui est pratiqué concrètement : se repérer dans l'espace et décrire sa position ou celle d'un objet avec des mots précis, et suivre/donner un itinéraire simple. De plus, l'activité se déploie dans un format collectif par équipes qui sollicite le respect des règles et la participation au groupe, ce qui engage les attendus d'EMC.

=== Rallye boussole pour apprendre l'orientation — C3 ===
## RAISONNEMENT

Cette activité est un rallye basé sur l'utilisation de la boussole pour s'orienter dans l'espace. Les enfants doivent identifier une direction donnée en degrés (azimut), se déplacer en comptant les pas, et localiser des bornes-repères. L'activité mobilise principalement des compétences de repérage et de déplacement spatial, relevant des mathématiques (espace et géométrie), ainsi que des compétences d'EPS en environnement naturel. Elle développe aussi des capacités de travail collectif et de suivi d'instructions.

Parmi les attendus disponibles, seuls deux correspondent directement et précisément à ce que l'activité travaille concrètement : le repérage et le déplacement dans l'espace (id=815), et la réalisation d'un parcours en milieu naturel aménagé avec respect des règles de sécurité (id=738, 739).

=== Recherche de groupes civiques et création d'armoiries — C3 ===
# RAISONNEMENT

Cette activité pédagogique "Recherche de groupes civiques et création d'armoiries" est centrée sur l'**étude de groupes citoyens et leur engagement dans les processus décisionnels démocratiques**. Les élèves recherchent des organisations civiques (groupes d'intérêt, agences gouvernementales), comparent leurs opinions préalables avec les faits découverts par la recherche, et créent des armoiries symbolisant l'identité et les positions de ces groupes.

Sur le plan pédagogique, cette activité relève clairement du domaine de l'**EMC (Éducation morale et civique)** et des **Arts plastiques** :
- Elle développe la conscience civique en montrant comment les citoyens influencent les décisions publiques
- Elle travaille la réflexion critique en confrontant opinions et réalités factuelles
- Elle implique une création artistique (armoiries) pour communiquer l'identité et les valeurs d'une organisation
- Elle engage les élèves dans la compréhension des roles et responsabilités citoyennes dans une démocratie

Aucun attendu relatif à l'EDD, aux sciences naturelles ou à d'autres disciplines ne correspond directement aux objectifs concrets de cette activité.

=== Recherche de groupes civiques et création d'armoiries — C4 ===
# RAISONNEMENT

Cette activité pédagogique intitulée "Recherche de groupes civiques et création d'armoiries" (Democracy in Action) se concentre sur l'analyse critique de groupes d'intérêt impliqués dans les politiques environnementales et civiques. Les élèves examinent d'abord leurs préconceptions sur des organisations (via la création d'armoiries symboliques), puis les comparent aux résultats de recherches factuelles après avoir contacté ces groupes. 

Cependant, le document fourni est un matériel pédagogique anglophone (Project Learning Tree) et ne contient **aucune liste d'attendus scolaires français du Cycle 4** à consulter. Sans référentiel d'attendus disponible, il est impossible d'effectuer une sélection pertinente selon les critères demandés. L'activité travaille clairement des compétences en recherche, comparaison critique, citoyenneté et analyse de sources, mais ces éléments ne peuvent être alignés que si les attendus du référentiel français sont fournis.

# RÉSULTAT

=== Recherche et presentations sur les peuples forestiers — C3 ===
## Raisonnement

Cette activité pédagogique invite les élèves à rechercher et présenter des informations sur les modes de vie de peuples forestiers (Mbuti, Pesch, etc.), puis à analyser comment ces cultures ont évolué face aux changements externes et aux pressions sur les forêts. Les objectifs centraux portent sur : (1) la description des modes de vie et de la dépendance aux forêts, (2) les effets des peuples forestiers sur leur environnement, et (3) l'impact des changements externes sur ces cultures.

Les attendus les plus pertinents relèvent de trois domaines : l'**EDD (Biodiversité et écosystèmes)** avec l'identification des enjeux de préservation de la biodiversité et des acteurs impliqués ; la **géographie (Histoire-Géographie)** avec la description des modes d'habiter un espace et la compréhension des inégalités ; et le **français (oral et recherche)** avec la présentation orale et la recherche documentaire. L'activité ne traite pas directement de problèmes d'eau, d'alimentation durable, ou d'EDD numériques.

=== Recherche et presentations sur les peuples forestiers — C4 ===
# RAISONNEMENT

Cette activité pédagogique « Recherche et présentations sur les peuples forestiers » est centrée sur l'enquête documentaire, la comparaison de modes de vie et la communication orale. Les élèves conduisent des recherches sur différents peuples forestiers (Mbuti, Pesch, etc.), créent des présentations et les partagent avec le groupe. L'activité intègre également une réflexion sur les changements culturels au fil du temps et l'impact des influences extérieures.

**Cependant**, le document fourni ne contient **aucune liste d'attendus scolaires disponibles pour le Cycle 4** — seule la mention « === ATTENDUS SCOLAIRES DISPONIBLES (Cycle 4) === » apparaît, suivie d'une section vide. Sans référentiel d'attendus spécifiques à consulter, il est impossible de sélectionner des IDs précis.

# RÉPONSE

=== Recherche et présentation sur les espèces invasives — C3 ===
## RAISONNEMENT

Cette activité pédagogique propose aux élèves de rechercher et de présenter des informations sur les espèces invasives. Elle mobilise directement des compétences en **recherche documentaire**, **synthèse d'informations** et **présentation orale**. Sur le plan du contenu, elle aborde les impacts écologiques et environnementaux des invasions biologiques (dégradation d'habitats, compétition avec espèces natives, conséquences économiques), ce qui correspond à des enjeux centraux de la **biodiversité et sa préservation**. L'activité invite aussi à identifier les **caractéristiques des espèces invasives** et les **moyens de prévention**, touchant ainsi à la gestion durable des écosystèmes et à l'action collective pour protéger l'environnement.

=== Recherche et présentation sur les espèces invasives — C4 ===
# RAISONNEMENT

Cette activité pédagogique sur les espèces invasives est centrée sur des compétences de **recherche, d'analyse et de communication**. Les élèves doivent rechercher des informations sur une espèce invasive (son origine, ses modes de dispersion, ses caractéristiques adaptatives, ses impacts), organiser ces données et les présenter publiquement sous diverses formes (poster, vidéo, brochure, etc.). 

Cependant, le document fourni ne contient **aucune liste d'attendus scolaires disponibles** pour le Cycle 4 — seuls des concepts thématiques et des compétences transversales générales sont mentionnés (biologie, mathématiques, études sociales, analyse, synthèse, créativité). Sans accès au référentiel officiel des attendus du Cycle 4 (socle commun, programmes français, etc.), il est impossible d'identifier avec précision les attendus pertinents qui correspondraient à cette activité.

# RÉSULTAT

=== Recherche plantes aquatiques et lettre a un artiste — C3 ===
## RAISONNEMENT

Cette activité combine deux volets : (1) une recherche documentaire et réflexion sur les plantes aquatiques (nénuphars) à partir d'une œuvre artistique de Monet, avec rédaction d'une lettre contenant au moins cinq faits scientifiques, et (2) une création artistique (moss art). Elle travaille principalement la caractérisation du vivant et de la biodiversité aquatique (observation des plantes aquatiques, leur structure, leur écosystème), ainsi que des compétences en écriture (rédaction d'une lettre) et en arts plastiques (création avec matériaux naturels, lien art-nature). L'approche par l'art et l'histoire des arts enrichit la démarche scientifique.

## ATTENDUS RETENUS

=== Rechercher et créer sur les espèces menacées — C3 ===
# RAISONNEMENT

Cette activité pédagogique, intitulée « Rechercher et créer sur les espèces menacées », s'articule autour de deux composantes principales : une compréhension concrète des enjeux de biodiversité et de préservation des espaces (Part A - jeux de simulation sur l'habitat), et une démarche de recherche, analyse et création de supports de sensibilisation (Part B - création de campagnes de relations publiques pour des espèces menacées).

Les attendus les plus pertinents relèvent principalement du domaine EDD « Biodiversité et écosystèmes », car l'activité travaille directement l'identification des enjeux de préservation, la compréhension du rôle des habitats, et la participation à des actions collectives. La recherche documentée et la création de supports pédagogiques mobilisent également des compétences disciplinaires en français (présentation orale, écriture) et en histoire-géographie (analyse de documents, argumentation). Les dimensions de citoyenneté et d'engagement civique (EMC) sont aussi présentes, notamment à travers le rôle d'« advocate » que les élèves endossent.

=== Rechercher et créer sur les espèces menacées — C4 ===
# RAISONNEMENT

L'activité « Rechercher et créer sur les espèces menacées » combine deux composantes pédagogiques majeures : une phase de recherche documentaire approfondie sur des espèces en danger (Partie B) et une phase de création communicationnelle (campagne de sensibilisation). 

Cependant, **aucun attendu scolaire spécifique n'est fourni dans le référentiel disponible pour le Cycle 4**. Le document présente les rubriques "ATTENDUS SCOLAIRES DISPONIBLES (Cycle 4)" suivies d'une section vide. Sans liste d'attendus à sélectionner, il est impossible d'identifier les correspondances, même si l'activité travaille clairement des compétences en recherche documentaire, analyse critique, synthèse d'information et communication persuasive.

# JSON

=== Reconstituer le cycle de vie des plantes — C1 ===
## Raisonnement

L'activité « Reconstituer le cycle de vie des plantes » se concentre sur l'observation et la compréhension des principales étapes du développement des végétaux (graine, germination, feuillaison, floraison, fructification, dispersion). Elle travaille directement la reconnaissance et la description des stades de développement des plantes, ainsi que la capacité à ordonner une séquence d'événements dans le temps. Les enfants manipulent des images et les ordonnent logiquement, ce qui mobilise également des compétences de langage et de structuration temporelle. L'activité s'inscrit clairement dans l'exploration du vivant et la structuration du temps.

## JSON

=== Reconstituer le cycle de vie des plantes — C2 ===
## Raisonnement

L'activité « Reconstituer le cycle de vie des plantes » est une activité de structuration et de compréhension du vivant. Elle demande aux enfants d'identifier et d'ordonner les étapes clés du développement des plantes (graine, germination, feuillaison, floraison, fructification, dispersion). Cette activité s'inscrit directement dans la connaissance des caractéristiques du monde vivant et de ses processus biologiques fondamentaux. Elle travaille également l'observation et la description des phénomènes naturels. Les attendus pertinents sont ceux relatifs à la connaissance du vivant et à sa diversité, ainsi qu'à la capacité à décrire et reconnaître les processus de croissance et de reproduction des plantes.

## JSON

=== Reconstituer le cycle de vie des plantes — C3 ===
## RAISONNEMENT

L'activité « Reconstituer le cycle de vie des plantes » propose aux enfants d'identifier et d'ordonner les étapes du développement végétal (graine, germination, feuillaison, floraison, fructification, dispersion). Cela correspond directement à l'attendu disciplinaire de Sciences et technologie sur la description du cycle de vie. L'extension à d'autres plantes développe également une approche de diversité du vivant. Aucun attendu EDD n'est activé de manière probante : l'activité reste centrée sur la connaissance biologique pure, sans dimension systémique, critique ou de gestion durable.

=== Rediger des solutions aux defis des parcs naturels — C3 ===
## RAISONNEMENT

Cette activité pédagogique engage les élèves à analyser les problèmes des parcs naturels (surfrequentation, pollution, impacts écologiques) et à proposer des solutions concrètes basées sur des données statistiques et des cas réels. Les attendus pertinents se concentrent sur : (1) l'identification des enjeux de préservation de la biodiversité et des écosystèmes à l'échelle territoriale, (2) la participation à des actions concrètes de préservation de l'environnement, (3) la compréhension des impacts des activités humaines sur les écosystèmes, et (4) les compétences transversales en lecture, analyse et argumentation écrite. L'activité mobilise aussi des capacités d'investigation scientifique et de réflexion critique face à des dilemmes environnementaux complexes.

=== Rediger des solutions aux defis des parcs naturels — C4 ===
# RAISONNEMENT

Cette activité pédagogique « Rédiger des solutions aux défis des parcs naturels » invite les élèves de Cycle 4 à analyser des problèmes environnementaux concrets (surfrequentation, pollution, développement urbain autour des parcs) et à proposer des solutions argumentées par écrit. L'activité mobilise principalement des compétences en **expression écrite et argumentation**, en **analyse de données** (graphiques, statistiques) et en **compréhension de phénomènes environnementaux** (écosystèmes, impacts humains). Elle développe aussi des capacités de **raisonnement critique** et de **prise en compte de dilemmes complexes** (besoins présents vs. protection future).

Cependant, le document fourni ne contient **aucune liste d'attendus scolaires explicites pour le Cycle 4**. Les instructions indiquent « === ATTENDUS SCOLAIRES DISPONIBLES (Cycle 4) === » mais la section reste vide. Sans référentiel d'attendus défini, il est impossible de proposer une sélection fiable et pertinente.

# RÉPONSE

=== Sensibilisation à la conservation de l'eau par jeu et écriture — C2 ===
## RAISONNEMENT

Cette activité de sensibilisation à la conservation de l'eau combine deux composantes : (1) une réflexion écrite sur les usages quotidiens de l'eau et (2) un jeu d'appariement avec des données quantitatives, suivi d'une discussion familiale sur les économies possibles. L'activité travaille principalement les attendus relatifs à l'eau (domaine "Eau et changement climatique") : elle amène les enfants à décrire les différents usages de l'eau au quotidien, à comprendre son importance comme bien commun, et à imaginer des solutions pour réduire le gaspillage. Le jeu de matching et l'écriture dans le journal activent aussi des compétences transversales en langage écrit (Français/Écriture) et en calcul/estimation (Mathématiques/Grandeurs et mesures).

## RÉSULTAT

=== Sensibilisation à la conservation de l'eau par jeu et écriture — C3 ===
## RAISONNEMENT

Cette activité pédagogique se concentre sur la sensibilisation à la conservation de l'eau par le biais d'une approche combinant jeu (matching game) et écriture (journal de sciences, listes, discussions). Les apprenants identifient leurs usages personnels de l'eau, jouent à associer activités et consommation en gallons, estiment leur consommation quotidienne, et réfléchissent à des mesures d'économie d'eau. L'activité traite directement de la gestion durable de l'eau comme ressource précieuse et bien commun (exemple de Cape Town), et incite à l'action individuelle et familiale. Elle mobilise aussi l'écriture scientifique (journal) et la communication orale (discussion familiale).

Les attendus pertinents relèvent principalement du domaine "Eau et changement climatique" (usages et gestion durable), complétés par des attendus transversaux sur le bien commun, l'identification d'écogestes, et la proposition d'actions de sensibilisation.

## JSON

=== Sensibilisation à la conservation de l'eau par jeu et écriture — C4 ===
## RAISONNEMENT

Cette activité pédagogique combine trois dimensions : elle engage les élèves à réfléchir sur leurs usages personnels de l'eau (dimension réflexive et de sensibilisation), puis les fait participer à un jeu d'appariement (dimension ludique) pour comprendre les quantités d'eau consommées, et enfin les invite à écrire/documenter des propositions d'économie d'eau et à imaginer un instrument de mesure (dimensions d'écriture et de création). 

L'activité relève clairement de l'**éducation à la responsabilité environnementale** (conservation, gestion des ressources naturelles, enjeux d'accès à l'eau), tout en intégrant des **apprentissages transversaux** : traitement de l'information chiffrée (estimation, calcul), écriture réflexive (journal, liste d'actions), et réalisation technique (fabrication du compteur d'eau).

Cependant, **aucun attendu spécifique du référentiel Cycle 4 n'a été fourni** dans la liste des attendus disponibles. Sans une liste d'identifiants d'attendus à sélectionner, je ne peux proposer que l'absence de correspondance documentée.

=== Shifumi cowboy — C2 ===
## Raisonnement

"Shifumi cowboy" est un jeu de duel gestuel basé sur un système de pierre-feuille-ciseaux adapté. L'activité se concentre principalement sur le **développement de la coordination gestuelle et motrice** à travers des gestes symboliques répétés en rythme, ainsi que sur **l'affrontement ludique et règlementé** entre deux joueurs. C'est avant tout une activité d'**EPS (Education Physique et Sportive)** centrée sur la performance motrice et les jeux de compétition avec règles, sans dimension environnementale ou éducation au développement durable substantielle.

Les attendus disciplinaires pertinents concernent la **mobilisation du corps en affrontement réglementé** et la **coordination des gestes** dans un contexte de jeu. Les attendus EDD ou thématiques (alimentation, biodiversité, ressources naturelles, etc.) ne s'appliquent pas ici.

=== Shifumi cowboy — C3 ===
# Raisonnement

« Shifumi cowboy » est un jeu de stratégie gestuelle basé sur le principe pierre-feuille-ciseaux, décliné en deux variantes (cowboy et dragon ball). L'activité se concentre sur la **coordination gestuelle, le respect des règles, la prise de décision rapide et l'affrontement ludique**. Elle mobilise principalement des compétences motrices d'affrontement (jeu d'opposition), d'expression corporelle et de respect des règles de jeu. Sur le plan pédagogique, elle travaille la gestion émotionnelle face au résultat, l'acceptation de perdre/gagner et l'engagement moteur. Aucun attendu d'EDD (Éducation au Développement Durable) n'est directement travaillé, car l'activité n'aborde ni la nature, ni l'environnement, ni les ressources, ni la biodiversité.

# Sélection des attendus

L'activité correspond très précisément à deux attendus EPS d'affrontement :

- **id=744** (S'organiser tactiquement pour gagner le duel) : le jeu implique une stratégie et une prise de décision tactique (quel geste faire face à l'adversaire).
- **id=748** (Accepter le résultat de la rencontre et être capable de le commenter) : chaque duel a un gagnant et un perdant ; l'enfant doit accepter l'issue et potentiellement l'analyser.

=== Simulation active sur la compétition des arbres pour la croissance — C2 ===
## RAISONNEMENT

Cette activité de simulation active met en jeu des concepts clés concernant les besoins des arbres (eau, lumière, nutriments) et surtout la **compétition entre arbres pour l'accès à ces ressources**. Les enfants incarnent des arbres et collectent des carrés colorés représentant ces besoins, en particulier lors de jeux avec densité variable. L'activité permet d'observer comment **la proximité des arbres réduit les ressources disponibles par individu** et affecte la croissance. Elle conduit aussi les élèves à **comprendre les interactions entre organismes vivants et leur environnement**, ainsi que les **impacts des conditions environnementales (sécheresse, surpopulation) sur le vivant**. Les évaluations proposées (dessiner des anneaux de croissance, écrire l'histoire d'un arbre) sollicitent la description et l'analyse de ces relations écologiques.

Les attendus mobilisés relèvent principalement de la **biodiversité, des écosystèmes et des interactions entre êtres vivants**, ainsi que de la **sensibilisation aux impacts environnementaux**. Les compétences transversales (oral, compréhension) sont également activées.

=== Simulation active sur la compétition des arbres pour la croissance — C3 ===
## Raisonnement

Cette activité de simulation ludique fait vivre aux élèves la compétition entre arbres pour accéder aux ressources essentielles (eau, lumière, nutriments). Elle leur permet de comprendre concrètement comment les conditions environnementales affectent la croissance des arbres, et comment les organismes dépendent des composants non-vivants de l'environnement et interagissent entre eux. L'activité développe également des compétences scientifiques (observation, formulation d'hypothèses, analyse de causes et effets) et favorise la réflexion critique sur la gestion durable des ressources naturelles et des écosystèmes.

=== Simulation de l'efficacité énergétique des véhicules — C4 ===
# RAISONNEMENT

Cette activité « Simulation de l'efficacité énergétique des véhicules » (In the Driver's Seat) combine plusieurs dimensions pédagogiques interconnectées. Elle engage les élèves dans une **investigation empirique** sur la consommation énergétique des transports (logging, calculs de kilométrage, recherche de données réelles sur le site EPA), une **modélisation scientifique** par la simulation physique avec des jetons (représentant les gallons), et une **analyse comparative** des performances de différents véhicules. L'activité aborde aussi l'**efficacité énergétique** et les **stratégies de conservation** (covoiturage, transports alternatifs, modes actifs). Au niveau des compétences transversales, elle mobilise le **raisonnement mathématique** (calculs de ratios mpg, statistiques), l'**analyse de données** et la **prise de décision informée** face à des enjeux énergétiques et environnementaux réels.

Cependant, le référentiel d'attendus du Cycle 4 fourni est **vide ou non accessible** dans les informations transmises, ce qui rend impossible une sélection précise d'attendus existants.

=== Simulation de l'équilibre prédateur-proie par le jeu — C3 ===
## RAISONNEMENT

Cette activité est un jeu de simulation qui modélise les dynamiques de populations prédateur-proie (renards et lapins) sur plusieurs générations. Les élèves observent et enregistrent comment les populations fluctuent en fonction des règles de survie et de reproduction. L'activité engage directement les attendus relatifs aux écosystèmes et aux réseaux trophiques (relations de prédation), ainsi qu'à la démarche d'investigation scientifique. Elle développe également la capacité à caractériser les interactions entre organismes vivants et à comprendre l'interdépendance dans un système naturel. L'enregistrement des données et l'analyse des variations de populations mobilisent également des compétences scientifiques transversales.

=== Simulation de l'équilibre prédateur-proie par le jeu — C4 ===
## RAISONNEMENT

Cette activité de simulation ludique du cycle prédateur-proie travaille principalement la **compréhension des dynamiques d'équilibre écologique** : les élèves observent comment les populations de prédateurs et de proies s'influencent mutuellement à travers plusieurs générations. L'activité mobilise aussi le **raisonnement et la modélisation** puisque les élèves collectent des données numériques (dénombrement des populations à chaque génération), les organisent dans un tableau et les analysent pour identifier des patterns écologiques.

Cependant, le document fourni ne présente que le jeu lui-même sans faire explicitement référence aux attendus du Cycle 4 français. Sans accès au **référentiel complet des attendus du Cycle 4**, je ne peux identifier que les domaines génériques (biodiversité, écosystèmes, dynamiques des populations) que cette activité couvre clairement.

## JSON

=== Simulation de prédation et sélection naturelle avec ustensiles — C3 ===
## RAISONNEMENT

Cette activité simule les mécanismes de prédation et de sélection naturelle par un jeu où les enfants, munis d'ustensiles différents, capturent des légumineuses de tailles et couleurs variées. L'activité permet directement de comprendre comment la forme du « prédateur » (ustensile) et les caractéristiques des « proies » (taille, couleur, camouflage) influencent le succès de la prédation, et conduit à explorer l'adaptation et l'évolution. Sur le plan disciplinaire, elle mobilise principalement des concepts d'écologie et de biodiversité (chaînes alimentaires, interactions proies-prédateurs, sélection naturelle) tout en impliquant la collecte, l'analyse de données et la modélisation d'un phénomène naturel.

=== Simulation de prédation et sélection naturelle avec ustensiles — C4 ===
## RAISONNEMENT

Cette activité de simulation est conçue pour illustrer concrètement trois concepts clés en écologie et biologie évolutive : la **prédation** (les jeunes capturent des proies), le **camouflage** (variation de couleur et taille des légumineuses), et la **sélection naturelle** (efficacité différenciée des ustensiles selon la morphologie des proies). À travers le jeu et l'observation des résultats, les jeunes expérimentent directement comment les caractéristiques des organismes (forme de l'ustensile = adaptation du prédateur ; taille et couleur des légumineuses = traits de la proie) influencent leur survie. La fiche elle-même explicite ces principes lors du retour et du débriefing.

Cependant, **le référentiel d'attendus scolaires n'a pas été fourni** dans les données disponibles (la section « ATTENDUS SCOLAIRES DISPONIBLES (Cycle 4) » est vide). Sans liste d'attendus à sélectionner, il m'est impossible d'identifier les IDs pertinents.

## JSON

=== Simulation de résolution de conflits fonciers — C3 ===
## RAISONNEMENT

Cette activité de simulation de résolution de conflits fonciers est centrée sur le processus démocratique de prise de décision collective face à des enjeux d'aménagement territorial et de gestion des ressources naturelles (la Heritage Oak). Les élèves doivent analyser les points de vue conflictuels de plusieurs parties prenantes (propriétaire, voisins, groupe environnemental, autorités), développer des solutions de compromis, et participer à un processus de vote simulant le modèle législatif. L'activité travaille directement les valeurs de citoyenneté, la compréhension des cadres démocratiques, et la capacité à identifier les enjeux éthiques, environnementaux et sociaux liés à l'usage des ressources et des terres. Elle mobilise aussi le langage oral pour justifier un point de vue dans un débat.

## JSON

=== Simulation de résolution de conflits fonciers — C4 ===
# RAISONNEMENT

Cette activité de simulation pédagogique porte directement sur la résolution collaborative de conflits d'aménagement du territoire. Les élèves du Cycle 4 doivent analyser les différentes perspectives d'acteurs (propriétaire, voisins, collectivité, groupe environnemental), identifier les points de conflit, proposer des solutions créatives et participer à un processus décisionnel démocratique (modèle législatif avec vote). L'activité mobilise essentiellement des compétences en débat argumenté, prise de décision en groupe, compréhension des enjeux collectifs et civiques liés aux ressources naturelles et à l'environnement. Elle intègre aussi une réflexion sur les politiques publiques (zonage, ordonnances) et les droits/responsabilités des citoyens dans la gestion des ressources.

Cependant, le document fourni ne présente **aucun attendu scolaire spécifique** pour le Cycle 4. La section "ATTENDUS SCOLAIRES DISPONIBLES (Cycle 4)" est vide. En l'absence de référentiel d'attendus à sélectionner, il n'est pas possible d'identifier des correspondances précises.

=== Simulation météo pour comprendre éclairs et tonnerre — C2 ===
## RAISONNEMENT

Cette activité est une simulation/expérimentation pratique conçue pour permettre aux enfants de comprendre les phénomènes physiques des éclairs et du tonnerre par la création d'électricité statique. L'activité mobilise principalement des compétences liées à la compréhension des phénomènes naturels et de la matière. Elle inclut également une phase de discussion initiale et un retour réflexif sur l'expérience vécue. Deux attendus disciplinaires correspondent directement à ce que l'activité fait concrètement : l'identification des changements de matière et la compréhension de phénomènes naturels par l'observation et l'expérimentation.

## JSON

=== Simulation météo pour comprendre éclairs et tonnerre — C3 ===
## RAISONNEMENT

Cette activité est une simulation expérimentale destinée à comprendre les phénomènes météorologiques des éclairs et du tonnerre. Elle repose sur la création d'électricité statique pour reproduire en miniature ces phénomènes naturels. Les attendus pertinents doivent couvrir : (1) la compréhension des phénomènes météorologiques et terrestres, en particulier la météorologie et les conditions météorologiques ; (2) les concepts fondamentaux sur l'énergie et les signaux (étincelle/électricité) ; (3) potentiellement la formation des nuages en lien avec les changements de température. L'activité ne travaille pas les dimensions d'EDD liées à l'environnement durable, à la biodiversité ou à la gestion des ressources.

=== Simulation sur les ressources renouvelables et non renouvelables — C3 ===
# Raisonnement

Cette activité de simulation sur les ressources renouvelables et non renouvelables travaille principalement la compréhension conceptuelle et systémique de la gestion durable des ressources naturelles. Les trois démonstrations (Popcorn Generation, Greed vs. Need, Global Candy Jar) permettent aux élèves de **vivre concrètement** les enjeux de l'épuisement des ressources, du rendement durable et des inégalités d'accès aux ressources à l'échelle mondiale. L'activité mobilise également une réflexion critique sur les choix de consommation et les limites biophysiques de la planète, ce qui correspond directement aux attendus EDD concernant la gestion durable des ressources naturelles et la compréhension des enjeux éthiques et sociaux liés à l'usage des ressources.

# Attendus identifiés

=== Simulation sur les ressources renouvelables et non renouvelables — C4 ===
## RAISONNEMENT

Cette activité pédagogique offre une compréhension conceptuelle et pratique des ressources renouvelables et non renouvelables à travers des simulations concrètes. Elle permet aux élèves de Cycle 4 de distinguer ces deux catégories de ressources, d'explorer les notions de rendement durable et de gestion responsable des ressources, et de comprendre les enjeux de l'allocation inégale des ressources au niveau global. Les trois simulations (générations de popcorn, besoin vs. avidité, et distribution mondiale de ressources) mettent en lumière comment les comportements humains impactent la disponibilité des ressources dans le temps et l'espace. Ces apprentissages s'articulent autour de concepts de développement durable, de gestion des ressources naturelles et de prise de conscience des inégalités mondiales.

## JSON

=== Simuler la perte d'habitat par un jeu de chaises musicales — C2 ===
## RAISONNEMENT

Cette activité utilise une simulation ludique (chaises musicales) pour faire comprendre aux enfants comment la perte d'habitat affecte les populations d'espèces. Les chaises représentent les ressources/habitats disponibles, et leur diminution progressive simule la destruction de l'habitat. L'activité cible directement la compréhension des interactions entre humains et biodiversité, ainsi que l'impact des actions humaines (pollution, destruction d'habitat) sur la survie des espèces. Elle sensibilise également les enfants aux incidences de leur comportement sur l'environnement via une expérience concrète et mémorisable.

## JSON

=== Simuler la perte d'habitat par un jeu de chaises musicales — C3 ===
## RAISONNEMENT

Cette activité utilise un jeu de chaises musicales comme métaphore pour explorer les mécanismes de perte d'habitat et ses impacts sur les populations d'espèces. Les chaises représentent les ressources de l'habitat, et leur réduction progressive simule la destruction progressive de l'habitat. L'activité conduit les élèves à observer concrètement comment une population ne peut survivre que si ses besoins fondamentaux sont satisfaits, et comment la dégradation des ressources affecte directement la viabilité des espèces. Cela relève directement de la compréhension des écosystèmes, des relations entre organismes et ressources, et des impacts des actions humaines sur la biodiversité.

## JSON

=== Sortie découverte des graines et semis facile — C1 ===
## Raisonnement

Cette activité repose sur trois composantes pédagogiques principales : (1) l'observation directe des graines dans leur environnement naturel lors d'une sortie, (2) la compréhension des mécanismes de dispersion des graines et du cycle de vie des plantes (germination, croissance), et (3) l'engagement sensoriel et moteur dans la découverte de la nature. 

Les attendus les plus pertinents concernent donc la reconnaissance des étapes du développement végétal (observation de la germination et de la croissance des semis), la compréhension des besoins essentiels des plantes (eau, lumière), la formulation de questions sur les caractéristiques du vivant à partir de l'observation, et le développement de curiosité et d'émotions positives face à la biodiversité.

=== Sortie découverte des graines et semis facile — C2 ===
## Raisonnement

Cette activité propose une sortie découverte centrée sur la collecte de graines dans la nature (via une chaussette), suivie d'un semis et d'une observation de la germination. L'activité travaille directement la connaissance des caractéristiques du monde vivant (graines, pollination, dispersion, germination) et sensibilise à l'appréciation de la nature. Elle combine observation directe en milieu naturel, manipulation pratique et compréhension basique des processus biologiques. Les attendus retenus correspondent à ce qui est concrètement exploré : les interactions vivantes (dispersion des graines), les caractéristiques du vivant (germination et croissance), et la sensibilité à la biodiversité.

## JSON

=== Sortie découverte des graines et semis facile — C3 ===
## RAISONNEMENT

Cette activité pédagogique porte sur la découverte des graines et semis par une approche pratique et sensorielle. Les enfants collectent des graines en nature (via une chaussette), les ramènent à l'école, les plantent dans un milieu simple (sol dans une chaussette ou carton), et observent leur germination. L'activité travaille directement le cycle de vie des plantes (floraison → pollination → production de graines → germination), les mécanismes de dispersion des graines, et l'observation du vivant. Elle s'inscrit clairement dans les attendus disciplinaires en Sciences et technologie (cycles de vie, reproduction, biodiversité) tout en développant la curiosité et l'appréciation de la nature.

## JSON

=== Suivi ecrit de l'evolution annuelle des bourgeons — C2 ===
## RAISONNEMENT

Cette activité de suivi annuel des bourgeons est une démarche d'observation systématique et longitudinale du vivant. Elle travaille principalement la connaissance des caractéristiques du monde vivant (cycle de développement des arbres, structure des bourgeons), les compétences d'observation et de documentation écrite/dessin. L'activité implique également de mesurer des durées et des croissances (mathématiques), de décrire précisément des observations orales et écrites (français), et de prendre conscience des cycles de vie naturels. Les attendus sélectionnés couvrent ces domaines disciplinaires et EDD directement mobilisés.

## JSON

=== Suivi ecrit de l'evolution annuelle des bourgeons — C3 ===
## Raisonnement

Cette activité de suivi écrit et illustré de l'évolution annuelle des bourgeons cible principalement les **cycles de vie et la reproduction des plantes** ainsi que **l'observation scientifique systématique**. Les élèves observent, décrivent et documentent les transformations morphologiques des bourgeons au fil des saisons (automne, hiver, printemps), ce qui relève directement du domaine "Cycle de vie et reproduction" en sciences. L'activité mobilise aussi des compétences en **représentation graphique et écriture documentée** de phénomènes naturels, ainsi qu'une **démarche d'investigation basée sur l'observation répétée et le classement chronologique**.

=== Séquencer la production d'aluminium et projet de recyclage — C3 ===
# Raisonnement

Cette activité pédagogique porte sur la compréhension du cycle de production de l'aluminium (de l'extraction du bauxite à la fabrication d'une canette) et sur la mise en place d'un projet de service communautaire pour promouvoir le recyclage de l'aluminium. Elle articule deux dimensions clés : (1) l'analyse de l'impact environnemental de l'extraction et de la transformation des ressources naturelles non renouvelables, et (2) l'engagement concret des élèves dans une action collective de gestion durable des ressources.

Les attendus les plus pertinents concernent donc la gestion durable des ressources naturelles (compréhension des bénéfices d'une gestion raisonnée, identification des enjeux éthiques et environnementaux, participation à une action collective), l'éducation au choix responsable face à l'usage des ressources, et la réflexion critique sur les systèmes technologiques et leurs impacts. L'activité ne relève pas directement de domaines comme l'alimentation, la biodiversité ou les transports, ce qui limite le périmètre d'attendus EDD à retenir.

=== Séquencer la production d'aluminium et projet de recyclage — C4 ===
# RAISONNEMENT

Cette activité pédagogique porte sur la séquençage du processus de production d'aluminium (de l'extraction du bauxite à la fabrication d'une canette) et sur un projet de service communautaire de recyclage. Elle développe des compétences de **séquençage logique** (ordonner les étapes d'un processus industriel), d'**analyse** des impacts environnementaux (extraction, énergie, déchets), et d'**engagement citoyen** via un projet de recyclage. Cependant, le document fourni **ne contient aucun référentiel d'attendus scolaires français** pour le Cycle 4 — il s'agit d'une activité américaine du PLT avec des objectifs en termes de concepts et compétences génériques.

Sans liste d'attendus officiels à croiser, je ne peux identifier de correspondances précises avec un curriculum français spécifique.

=== Tisser un tapis en herbe sur un métier fait maison — C2 ===
## Raisonnement

Cette activité de tissage sur un métier fait maison mobilise principalement des compétences en **arts plastiques** et en **questionnement du monde**. Les enfants réalisent une production collective inventive en utilisant des matériaux naturels (herbes, bois, cordes), ce qui correspond aux attendus de création artistique. L'activité implique également l'observation et la compréhension d'objets techniques (construction du métier à tisser) et engage une coopération entre pairs. Elle sensibilise aussi indirectement à l'utilisation de matériaux naturels et renouvelables, développant une conscience environnementale basique.

=== Tisser un tapis en herbe sur un métier fait maison — C3 ===
## RAISONNEMENT

Cette activité de tissage sur métier fait maison met en avant plusieurs dimensions pédagogiques clés. D'abord, elle implique une **démarche technique et technologique** concrète : construire un métier à partir de matériaux naturels (bois, corde) et comprendre le fonctionnement d'un dispositif simple (le heddle). Ensuite, elle valorise l'**utilisation de ressources naturelles locales** (herbes séchées, graminées) collectées dans l'environnement proche, ce qui relève de la gestion durable des ressources et de l'appreciation du vivant. Enfin, l'activité mobilise des **apprentissages transversaux** : mesure, estimation, coordination motrice, travail collectif et créativité artistique. Seuls les attendus directement et indubitablement travaillés ont été retenus.

## RÉSULTAT

=== Tours de magie nature — C2 ===
## RAISONNEMENT

L'activité « Tours de magie nature » se concentre sur l'apprentissage et la présentation de tours d'illusion basés sur des principes physiques simples (équilibre, optique, tension superficielle) utilisant des éléments naturels. Elle développe la curiosité scientifique, la communication et l'exploration des propriétés physiques des matériaux naturels. 

Sur le plan disciplinaire, elle travaille principalement : (1) l'identification et l'observation de propriétés physiques et matérielles (domaine « Matière »), (2) la communication orale et la présentation (« Langage oral »), et (3) l'engagement dans une démarche d'investigation informelle autour de phénomènes physiques. Sur le plan EDD, elle sensibilise indirectement à l'observation du vivant et des éléments naturels, mais sans focale environnementale ou comportementale marquée.

=== Tours de magie nature — C3 ===
## RAISONNEMENT

L'activité « Tours de magie nature » est une animation ludique basée sur l'apprentissage et la présentation de tours d'illusion utilisant des éléments naturels. Elle s'appuie sur des principes physiques simples (équilibre, optique, etc.) pour créer des effets amusants. Bien que l'activité soit avant tout récréative et centrée sur le divertissement, elle développe deux dimensions pédagogiques identifiables :

1. **La curiosité scientifique** : les participants sont invités à chercher les explications physiques derrière les illusions (principes d'optique, d'équilibre, etc.), ce qui mobilise une démarche d'exploration des propriétés des matériaux naturels.

2. **La communication et l'oralité** : les participants présentent les tours aux autres, ce qui mobilise des compétences de langage oral et de présentation.

Cependant, l'activité ne se structure pas autour des attendus EDD (pas d'enjeu de durabilité, de biodiversité, de gestion des ressources) ni autour d'une investigation scientifique formelle. Elle demeure avant tout une activité de divertissement éducatif et de découverte sensorielle des propriétés matérielles. Les attendus disciplinaires les plus pertinents sont en français (présentation orale) et sciences (exploration ludique des propriétés physiques).

## RÉSULTAT

=== Tutoriel de fabrication d'un abreuvoir pour oiseaux en béton — C3 ===
## RAISONNEMENT

Cette activité consiste à fabriquer un abreuvoir pour oiseaux en béton. Elle mobilise principalement des compétences de technologie (démarche technique, manipulation de matériaux, suivi d'un processus de fabrication) et s'inscrit dans une perspective de préservation de la biodiversité en créant un équipement destiné à accueillir et nourrir les oiseaux. L'activité pratique, collective et ancrée dans l'environnement proche, travaille directement deux attendus : la participation à une action concrète de préservation de la biodiversité (id=673) et l'apprentissage d'une démarche technologique structurée (id=797). Ces deux attendus sont clairement mobilisés sans ambiguïté par le contenu du tutoriel.

=== Tutoriel de fabrication d'un abreuvoir pour oiseaux en béton — C4 ===
# RAISONNEMENT

Ce tutoriel de fabrication d'un abreuvoir en béton est une activité pratique et technique centrée sur la création d'un objet pour accueillir la faune. Cependant, le document fourni ne contient **aucun attendu scolaire listable** dans la section "ATTENDUS SCOLAIRES DISPONIBLES (Cycle 4)" — cette section est vide. 

Par ailleurs, l'activité elle-même développe principalement des compétences en travail manuel, manipulation de matériaux de construction (béton, grillage) et suivi de procédures étape par étape. Elle intègre une dimension écologique (accueil des oiseaux) mais reste fondamentalement orientée vers le "faire" technique plutôt que vers l'acquisition d'apprentissages scolaires formalisés. Sans liste d'attendus disponibles à croiser avec le contenu de l'activité, il est impossible de proposer une sélection pertinente.

# RÉPONSE JSON

=== Élevage d'œufs d'insectes pour comprendre la métamorphose — C2 ===
## Raisonnement

Cette activité repose sur l'observation directe et la documentation du cycle de vie des insectes à travers l'élevage d'œufs jusqu'à l'éclosion des larves. L'activité mobilise principalement des apprentissages en sciences du vivant (caractéristiques et cycles biologiques) ainsi que des compétences de curiosité et d'investigation scientifique. L'attention portée à l'observation quotidienne et à la documentation du cycle de métamorphose correspond directement aux attendus relatifs à la connaissance du monde vivant. Quelques attendus concernant le langage oral (description, questionnement) sont également mobilisés lors du partage des observations et des résultats.

=== Élevage d'œufs d'insectes pour comprendre la métamorphose — C3 ===
## RAISONNEMENT

Cette activité consiste à rechercher, collecter et élever des œufs d'insectes en conditions contrôlées pour observer directement les stades de développement et la métamorphose. L'élève observe quotidiennement le cycle biologique complet (œuf → larve → pupa → adulte) et doit identifier les organismes et noter les durées. Deux attendus en Sciences et technologie correspondent précisément à ce travail : le premier sur la description du cycle de vie des animaux (id=788), et le second sur la caractérisation des interactions dans un écosystème (id=806) qui concerne la compréhension des rôles et places des insectes dans leur environnement naturel. Le document inclut également des contextes appliqués (criminalistique, agriculture, vétérinaire) qui enrichissent la compréhension scientifique du phénomène.

=== Élevage d'œufs d'insectes pour comprendre la métamorphose — C4 ===
## RAISONNEMENT

Le document décrit une activité pratique d'observation et d'élevage d'œufs d'insectes en conditions contrôlées pour suivre leur développement et comprendre la métamorphose. L'activité propose aux élèves de chercher des œufs dans la nature, de les collecter sans endommager l'environnement, de les maintenir dans des conditions appropriées, et d'observer quotidiennement les transformations (éclosion, larves, identification). Le document inclut également des applications réelles (entomologistes judiciaires, spécialistes des cultures, vétérinaires), qui contextualise les apprentissages dans des métiers.

**Cependant**, le référentiel d'attendus disponibles pour le Cycle 4 n'a pas été fourni dans votre demande (la section "=== ATTENDUS SCOLAIRES DISPONIBLES (Cycle 4) ===" est vide). Sans liste d'attendus à croiser, il est impossible de proposer des correspondances précises et fiables.

## JSON

=== Énigme de la traversée de la rivière développement logique — C2 ===
## RAISONNEMENT

Cette activité est avant tout un puzzle de logique pure : les enfants doivent résoudre une énigme mathématique en testant différentes séquences de déplacements, en respectant des contraintes données. Le contenu de nature (rivière, fermier, animaux) n'est que le contexte narratif du problème. L'activité mobilise principalement des compétences transversales de résolution de problèmes, de raisonnement logique et de test d'hypothèses. Parmi les attendus disponibles, seule une compétence disciplinaire de mathématiques et une compétence de langage oral correspondent réellement à ce qui est travaillé : la résolution de problèmes nécessitant du raisonnement, et l'échange sur la démarche de résolution.

=== Énigme de la traversée de la rivière développement logique — C3 ===
## RAISONNEMENT

Cette activité est un puzzle de logique classique (river-crossing puzzle) qui demande aux enfants de résoudre un problème en respectant des contraintes. L'activité développe principalement des compétences de raisonnement logique, de résolution de problèmes et de planification séquentielle. Bien que contextualisée autour d'une rivière et d'un fermier, elle ne porte pas sur l'éducation à l'environnement, la biodiversité, la gestion de l'eau ou les écosystèmes. Elle s'inscrit davantage dans le domaine des mathématiques (résolution de problèmes) et du français (compréhension de consignes, expression orale lors de la création d'énigmes). Aucun attendu spécifiquement lié aux domaines EDD proposés ne correspond directement à cette activité ludique de pur puzzle logique.

=== Établir des règles de respect nature par la discussion — C1 ===
## RAISONNEMENT

Cette activité pédagogique repose principalement sur le **dialogue et la discussion collective** pour établir des règles de respect de la nature. Les enfants expriment leurs idées orales, écoutent les autres et formulent ensemble des principes éthiques envers l'environnement. Cela mobilise fortement les **compétences de langage oral** (communication, expression, reformulation). L'activité travaille aussi la **prise de conscience du respect du vivant et des écosystèmes** : les enfants réfléchissent à ce qu'il faut laisser dans la nature (fleurs, feuilles, roches) et à l'impact cumulatif de petites actions. Elle développe également une **attitude responsable face à la protection de la nature**, avec la notion que même un petit geste peut faire une grande différence.

## JSON

=== Établir des règles de respect nature par la discussion — C2 ===
# Raisonnement

Cette activité pédagogique « Établir des règles de respect nature par la discussion » se focalise sur la co-construction collective de règles de comportement responsable en nature. Les enfants sont amenés à **discuter, argumenter et former des principes** d'éthique environnementale (rester sur les sentiers, respecter les êtres vivants, ne pas collecter inutilement, laisser les lieux en bon état). 

Les attendus pertinents relèvent principalement de trois domaines :
- **EMC (Respecter autrui / Culture civique)** : participation au groupe, écoute d'autrui, élaboration collective de règles
- **Français (Langage oral)** : discussion, argumentation, expression de points de vue
- **EDD (Biodiversité)** : sensibilisation aux incidences de son comportement sur l'environnement et les êtres vivants

L'activité ne traite pas directement les chaînes alimentaires, les écosystèmes complexes, ou les enjeux de gestion des ressources au sens large, mais plutôt l'éthique comportementale et la conscience individuelle du respect de la nature.

=== Étude de terrain comparative des écosystèmes et leurs facteurs — C2 ===
# Raisonnement

Cette activité pédagogique est une **étude de terrain comparative d'écosystèmes** où les élèves observent et mesurent des facteurs abiotiques (sunlight, température, humidité du sol, vent, eau) et biotiques (plantes, animaux) dans trois environnements différents. L'objectif central est de comprendre comment les éléments non-vivants influencent les organismes vivants.

Pour le **Cycle 2 (6-9 ans)**, bien que le document original cible les grades 4-8, la variation proposée ("Stake Your Claim") et la nature des observations sont adaptées à cet âge. Les attendus pertinents se concentrent sur :
- La **biodiversité et les écosystèmes** : observation des interactions entre éléments vivants et non-vivants, sensibilité aux incidences des actions sur la biodiversité
- Les **sciences du vivant** : connaissance des caractéristiques du monde vivant et ses interactions
- Les **compétences transversales** : observation, comparaison, organisation de l'information

=== Étude de terrain comparative des écosystèmes et leurs facteurs — C3 ===
# RAISONNEMENT

Cette activité pédagogique de terrain comparative porte directement sur l'étude des écosystèmes et de leurs composantes abiotic et biotique. Les élèves du Cycle 3 observent et comparent trois sites différents en mesurant des facteurs physiques (lumière, température, humidité du sol, vent) et en identifiant les organismes vivants présents. L'activité vise explicitement à faire comprendre comment les éléments non-vivants influencent les éléments vivants dans un écosystème, ce qui correspond aux attendus disciplinaires relatifs aux écosystèmes en sciences et technologie, ainsi qu'à des attendus EDD sur la biodiversité et la gestion durable des ressources (observation, investigation, analyse comparative).

Les attendus retenus privilégient : (1) la description et caractérisation des écosystèmes et de leurs interactions, (2) la démarche d'investigation scientifique appliquée à l'observation de terrain, (3) l'organisation et l'analyse de données collectées, et (4) la prise de conscience des facteurs qui influencent la biodiversité locale.

=== Étude de terrain comparative des écosystèmes et leurs facteurs — C4 ===
# RAISONNEMENT

L'activité "Étude de terrain comparative des écosystèmes et leurs facteurs" est une investigation de terrain structurée où les élèves observent et comparent trois écosystèmes différents selon leurs composantes abiotiques (lumière, température, humidité du sol, vent, topographie) et biotiques (plantes, animaux). Les objectifs explicites portent sur :
- La description des similitudes et différences entre les composantes vivantes et non-vivantes
- L'identification des relations entre facteurs abiotiques et biotiques

Cependant, le document fourni ne contient **aucune liste d'attendus scolaires du Cycle 4** à partir de laquelle effectuer la sélection. Bien que l'activité soit riche pédagogiquement et s'aligne avec des concepts importants (cycles énergétiques, interactions écosystémiques, indicateurs de santé environnementale), je ne peux identifier les attendus pertinents sans disposer du référentiel disponible.

# RÉPONSE

=== Étude des zones humides et présentation des enjeux — C4 ===
# RAISONNEMENT

Cette activité pédagogique sur l'étude des zones humides et leurs enjeux est très complète et multidisciplinaire. Elle combine une investigation écologique directe sur le terrain (observation d'espèces, mesure de paramètres physiques et chimiques), une analyse critique des problèmes environnementaux liés aux zones humides (perte d'habitat, conflits d'usages), et des apprentissages sur la gouvernance et la prise de décision concernant les ressources naturelles.

Cependant, le document fourni ne contient **aucun référentiel d'attendus scolaires explicites pour le Cycle 4**. Les sections "ATTENDUS SCOLAIRES DISPONIBLES" sont vides. Sans liste d'IDs d'attendus à sélectionner, il est impossible de procéder à un appariement rigoureux et fiable.

# JSON
